Date,close,t,t2
11/25/11,1158.67,1,734469
11/28/11,1192.55,2,734470
11/29/11,1195.1899,3,734471
11/30/11,1246.96,4,734472
12/1/11,1244.58,5,734473
12/2/11,1244.28,6,734474
12/5/11,1257.08,7,734475
12/6/11,1258.47,8,734476
12/7/11,1261.01,9,734477
12/8/11,1234.35,10,734478
12/9/11,1255.1899,11,734479
12/12/11,1236.47,12,734480
12/13/11,1225.73,13,734481
12/14/11,1211.8199,14,734482
12/15/11,1215.75,15,734483
12/16/11,1219.66,16,734484
12/19/11,1205.35,17,734485
12/20/11,1241.3,18,734486
12/21/11,1243.72,19,734487
12/22/11,1254,20,734488
12/23/11,1265.33,21,734489
12/27/11,1265.4301,22,734490
12/28/11,1249.64,23,734491
12/29/11,1263.02,24,734492
12/30/11,1257.6,25,734493
1/3/12,1277.0601,26,734494
1/4/12,1277.3,27,734495
1/5/12,1281.0601,28,734496
1/6/12,1277.8101,29,734497
1/9/12,1280.7,30,734498
1/10/12,1292.08,31,734499
1/11/12,1292.48,32,734500
1/12/12,1295.5,33,734501
1/13/12,1289.09,34,734502
1/17/12,1293.67,35,734503
1/18/12,1308.04,36,734504
1/19/12,1314.5,37,734505
1/20/12,1315.38,38,734506
1/23/12,1316,39,734507
1/24/12,1314.65,40,734508
1/25/12,1326.05,41,734509
1/26/12,1318.4301,42,734510
1/27/12,1316.33,43,734511
1/30/12,1313.01,44,734512
1/31/12,1312.41,45,734513
2/1/12,1324.09,46,734514
2/2/12,1325.54,47,734515
2/3/12,1344.9,48,734516
2/6/12,1344.33,49,734517
2/7/12,1347.05,50,734518
2/8/12,1349.96,51,734519
2/9/12,1351.95,52,734520
2/10/12,1342.64,53,734521
2/13/12,1351.77,54,734522
2/14/12,1350.5,55,734523
2/15/12,1343.23,56,734524
2/16/12,1358.04,57,734525
2/17/12,1361.23,58,734526
2/21/12,1362.21,59,734527
2/22/12,1357.66,60,734528
2/23/12,1363.46,61,734529
2/24/12,1365.74,62,734530
2/27/12,1367.59,63,734531
2/28/12,1372.1801,64,734532
2/29/12,1365.6801,65,734533
3/1/12,1374.09,66,734534
3/2/12,1369.63,67,734535
3/5/12,1364.33,68,734536
3/6/12,1343.36,69,734537
3/7/12,1352.63,70,734538
3/8/12,1365.91,71,734539
3/9/12,1370.87,72,734540
3/12/12,1371.09,73,734541
3/13/12,1395.95,74,734542
3/14/12,1394.28,75,734543
3/15/12,1402.6,76,734544
3/16/12,1404.17,77,734545
3/19/12,1409.75,78,734546
3/20/12,1405.52,79,734547
3/21/12,1402.89,80,734548
3/22/12,1392.78,81,734549
3/23/12,1397.11,82,734550
3/26/12,1416.51,83,734551
3/27/12,1412.52,84,734552
3/28/12,1405.54,85,734553
3/29/12,1403.28,86,734554
3/30/12,1408.47,87,734555
4/2/12,1419.04,88,734556
4/3/12,1413.38,89,734557
4/4/12,1398.96,90,734558
4/5/12,1398.08,91,734559
4/9/12,1382.2,92,734560
4/10/12,1358.59,93,734561
4/11/12,1368.71,94,734562
4/12/12,1387.5699,95,734563
4/13/12,1370.26,96,734564
4/16/12,1369.5699,97,734565
4/17/12,1390.78,98,734566
4/18/12,1385.14,99,734567
4/19/12,1376.92,100,734568
4/20/12,1378.53,101,734569
4/23/12,1366.9399,102,734570
4/24/12,1371.97,103,734571
4/25/12,1390.6899,104,734572
4/26/12,1399.98,105,734573
4/27/12,1403.36,106,734574
4/30/12,1397.91,107,734575
5/1/12,1405.8199,108,734576
5/2/12,1402.3101,109,734577
5/3/12,1391.5699,110,734578
5/4/12,1369.1,111,734579
5/7/12,1369.58,112,734580
5/8/12,1363.72,113,734581
5/9/12,1354.58,114,734582
5/10/12,1357.99,115,734583
5/11/12,1353.39,116,734584
5/14/12,1338.35,117,734585
5/15/12,1330.66,118,734586
5/16/12,1324.8,119,734587
5/17/12,1304.86,120,734588
5/18/12,1295.22,121,734589
5/21/12,1315.99,122,734590
5/22/12,1316.63,123,734591
5/23/12,1318.86,124,734592
5/24/12,1320.6801,125,734593
5/25/12,1317.8199,126,734594
5/29/12,1332.42,127,734595
5/30/12,1313.3199,128,734596
5/31/12,1310.33,129,734597
6/1/12,1278.04,130,734598
6/4/12,1278.1801,131,734599
6/5/12,1285.5,132,734600
6/6/12,1315.13,133,734601
6/7/12,1314.99,134,734602
6/8/12,1325.66,135,734603
6/11/12,1308.9301,136,734604
6/12/12,1324.1801,137,734605
6/13/12,1314.88,138,734606
6/14/12,1329.1,139,734607
6/15/12,1342.84,140,734608
6/18/12,1344.78,141,734609
6/19/12,1357.98,142,734610
6/20/12,1355.6899,143,734611
6/21/12,1325.51,144,734612
6/22/12,1335.02,145,734613
6/25/12,1313.72,146,734614
6/26/12,1319.99,147,734615
6/27/12,1331.85,148,734616
6/28/12,1329.04,149,734617
6/29/12,1362.16,150,734618
7/2/12,1365.51,151,734619
7/3/12,1374.02,152,734620
7/5/12,1367.58,153,734621
7/6/12,1354.6801,154,734622
7/9/12,1352.46,155,734623
7/10/12,1341.47,156,734624
7/11/12,1341.45,157,734625
7/12/12,1334.76,158,734626
7/13/12,1356.78,159,734627
7/16/12,1353.64,160,734628
7/17/12,1363.67,161,734629
7/18/12,1372.78,162,734630
7/19/12,1376.51,163,734631
7/20/12,1362.66,164,734632
7/23/12,1350.52,165,734633
7/24/12,1338.3101,166,734634
7/25/12,1337.89,167,734635
7/26/12,1360.02,168,734636
7/27/12,1385.97,169,734637
7/30/12,1385.3,170,734638
7/31/12,1379.3199,171,734639
8/1/12,1375.14,172,734640
8/2/12,1365,173,734641
8/3/12,1390.99,174,734642
8/6/12,1394.23,175,734643
8/7/12,1401.35,176,734644
8/8/12,1402.22,177,734645
8/9/12,1402.8,178,734646
8/10/12,1405.87,179,734647
8/13/12,1404.11,180,734648
8/14/12,1403.9301,181,734649
8/15/12,1405.53,182,734650
8/16/12,1415.51,183,734651
8/17/12,1418.16,184,734652
8/20/12,1418.13,185,734653
8/21/12,1413.17,186,734654
8/22/12,1413.49,187,734655
8/23/12,1402.08,188,734656
8/24/12,1411.13,189,734657
8/27/12,1410.4399,190,734658
8/28/12,1409.3,191,734659
8/29/12,1410.49,192,734660
8/30/12,1399.48,193,734661
8/31/12,1406.58,194,734662
9/4/12,1404.9399,195,734663
9/5/12,1403.4399,196,734664
9/6/12,1432.12,197,734665
9/7/12,1437.92,198,734666
9/10/12,1429.08,199,734667
9/11/12,1433.5601,200,734668
9/12/12,1436.5601,201,734669
9/13/12,1459.99,202,734670
9/14/12,1465.77,203,734671
9/17/12,1461.1899,204,734672
9/18/12,1459.3199,205,734673
9/19/12,1461.05,206,734674
9/20/12,1460.26,207,734675
9/21/12,1460.15,208,734676
9/24/12,1456.89,209,734677
9/25/12,1441.59,210,734678
9/26/12,1433.3199,211,734679
9/27/12,1447.15,212,734680
9/28/12,1440.67,213,734681
10/1/12,1444.49,214,734682
10/2/12,1445.75,215,734683
10/3/12,1450.99,216,734684
10/4/12,1461.4,217,734685
10/5/12,1460.9301,218,734686
10/8/12,1455.88,219,734687
10/9/12,1441.48,220,734688
10/10/12,1432.5601,221,734689
10/11/12,1432.84,222,734690
10/12/12,1428.59,223,734691
10/15/12,1440.13,224,734692
10/16/12,1454.92,225,734693
10/17/12,1460.91,226,734694
10/18/12,1457.34,227,734695
10/19/12,1433.1899,228,734696
10/22/12,1433.8199,229,734697
10/23/12,1413.11,230,734698
10/24/12,1408.75,231,734699
10/25/12,1412.97,232,734700
10/26/12,1411.9399,233,734701
10/31/12,1412.16,234,734702
11/1/12,1427.59,235,734703
11/2/12,1414.2,236,734704
11/5/12,1417.26,237,734705
11/6/12,1428.39,238,734706
11/7/12,1394.53,239,734707
11/8/12,1377.51,240,734708
11/9/12,1379.85,241,734709
11/12/12,1380.03,242,734710
11/13/12,1374.53,243,734711
11/14/12,1355.49,244,734712
11/15/12,1353.33,245,734713
11/16/12,1359.88,246,734714
11/19/12,1386.89,247,734715
11/20/12,1387.8101,248,734716
11/21/12,1391.03,249,734717
11/23/12,1409.15,250,734718
11/26/12,1406.29,251,734719
11/27/12,1398.9399,252,734720
11/28/12,1409.9301,253,734721
11/29/12,1415.95,254,734722
11/30/12,1416.1801,255,734723
12/3/12,1409.46,256,734724
12/4/12,1407.05,257,734725
12/5/12,1409.28,258,734726
12/6/12,1413.9399,259,734727
12/7/12,1418.0699,260,734728
12/10/12,1418.55,261,734729
12/11/12,1427.84,262,734730
12/12/12,1428.48,263,734731
12/13/12,1419.45,264,734732
12/14/12,1413.58,265,734733
12/17/12,1430.36,266,734734
12/18/12,1446.79,267,734735
12/19/12,1435.8101,268,734736
12/20/12,1443.6899,269,734737
12/21/12,1430.15,270,734738
12/24/12,1426.66,271,734739
12/26/12,1419.83,272,734740
12/27/12,1418.1,273,734741
12/28/12,1402.4301,274,734742
12/31/12,1426.1899,275,734743
1/2/13,1462.42,276,734744
1/3/13,1459.37,277,734745
1/4/13,1466.47,278,734746
1/7/13,1461.89,279,734747
1/8/13,1457.15,280,734748
1/9/13,1461.02,281,734749
1/10/13,1472.12,282,734750
1/11/13,1472.05,283,734751
1/14/13,1470.6801,284,734752
1/15/13,1472.34,285,734753
1/16/13,1472.63,286,734754
1/17/13,1480.9399,287,734755
1/18/13,1485.98,288,734756
1/22/13,1492.5601,289,734757
1/23/13,1494.8101,290,734758
1/24/13,1494.8199,291,734759
1/25/13,1502.96,292,734760
1/28/13,1500.1801,293,734761
1/29/13,1507.84,294,734762
1/30/13,1501.96,295,734763
1/31/13,1498.11,296,734764
2/1/13,1513.17,297,734765
2/4/13,1495.71,298,734766
2/5/13,1511.29,299,734767
2/6/13,1512.12,300,734768
2/7/13,1509.39,301,734769
2/8/13,1517.9301,302,734770
2/11/13,1517.01,303,734771
2/12/13,1519.4301,304,734772
2/13/13,1520.33,305,734773
2/14/13,1521.38,306,734774
2/15/13,1519.79,307,734775
2/19/13,1530.9399,308,734776
2/20/13,1511.95,309,734777
2/21/13,1502.42,310,734778
2/22/13,1515.6,311,734779
2/25/13,1487.85,312,734780
2/26/13,1496.9399,313,734781
2/27/13,1515.99,314,734782
2/28/13,1514.6801,315,734783
3/1/13,1518.2,316,734784
3/4/13,1525.2,317,734785
3/5/13,1539.79,318,734786
3/6/13,1541.46,319,734787
3/7/13,1544.26,320,734788
3/8/13,1551.1801,321,734789
3/11/13,1556.22,322,734790
3/12/13,1552.48,323,734791
3/13/13,1554.52,324,734792
3/14/13,1563.23,325,734793
3/15/13,1560.7,326,734794
3/18/13,1552.1,327,734795
3/19/13,1548.34,328,734796
3/20/13,1558.71,329,734797
3/21/13,1545.8,330,734798
3/22/13,1556.89,331,734799
3/25/13,1551.6899,332,734800
3/26/13,1563.77,333,734801
3/27/13,1562.85,334,734802
3/28/13,1569.1899,335,734803
4/1/13,1562.17,336,734804
4/2/13,1570.25,337,734805
4/3/13,1553.6899,338,734806
4/4/13,1559.98,339,734807
4/5/13,1553.28,340,734808
4/8/13,1563.0699,341,734809
4/9/13,1568.61,342,734810
4/10/13,1587.73,343,734811
4/11/13,1593.37,344,734812
4/12/13,1588.85,345,734813
4/15/13,1552.36,346,734814
4/16/13,1574.5699,347,734815
4/17/13,1552.01,348,734816
4/18/13,1541.61,349,734817
4/19/13,1555.25,350,734818
4/22/13,1562.5,351,734819
4/23/13,1578.78,352,734820
4/24/13,1578.79,353,734821
4/25/13,1585.16,354,734822
4/26/13,1582.24,355,734823
4/29/13,1593.61,356,734824
4/30/13,1597.5699,357,734825
5/1/13,1582.7,358,734826
5/2/13,1597.59,359,734827
5/3/13,1614.42,360,734828
5/6/13,1617.5,361,734829
5/7/13,1625.96,362,734830
5/8/13,1632.6899,363,734831
5/9/13,1626.67,364,734832
5/10/13,1633.7,365,734833
5/13/13,1633.77,366,734834
5/14/13,1650.34,367,734835
5/15/13,1658.78,368,734836
5/16/13,1650.47,369,734837
5/17/13,1667.47,370,734838
5/20/13,1666.29,371,734839
5/21/13,1669.16,372,734840
5/22/13,1655.35,373,734841
5/23/13,1650.51,374,734842
5/24/13,1649.6,375,734843
5/28/13,1660.0601,376,734844
5/29/13,1648.36,377,734845
5/30/13,1654.41,378,734846
5/31/13,1630.74,379,734847
6/3/13,1640.42,380,734848
6/4/13,1631.38,381,734849
6/5/13,1608.9,382,734850
6/6/13,1622.5601,383,734851
6/7/13,1643.38,384,734852
6/10/13,1642.8101,385,734853
6/11/13,1626.13,386,734854
6/12/13,1612.52,387,734855
6/13/13,1636.36,388,734856
6/14/13,1626.73,389,734857
6/17/13,1639.04,390,734858
6/18/13,1651.8101,391,734859
6/19/13,1628.9301,392,734860
6/20/13,1588.1899,393,734861
6/21/13,1592.4301,394,734862
6/24/13,1573.09,395,734863
6/25/13,1588.03,396,734864
6/26/13,1603.26,397,734865
6/27/13,1613.2,398,734866
6/28/13,1606.28,399,734867
7/1/13,1614.96,400,734868
7/2/13,1614.08,401,734869
7/3/13,1615.41,402,734870
7/5/13,1631.89,403,734871
7/8/13,1640.46,404,734872
7/9/13,1652.3199,405,734873
7/10/13,1652.62,406,734874
7/11/13,1675.02,407,734875
7/12/13,1680.1899,408,734876
7/15/13,1682.5,409,734877
7/16/13,1676.26,410,734878
7/17/13,1680.91,411,734879
7/18/13,1689.37,412,734880
7/19/13,1692.09,413,734881
7/22/13,1695.53,414,734882
7/23/13,1692.39,415,734883
7/24/13,1685.9399,416,734884
7/25/13,1690.25,417,734885
7/26/13,1691.65,418,734886
7/29/13,1685.33,419,734887
7/30/13,1685.96,420,734888
7/31/13,1685.73,421,734889
8/1/13,1706.87,422,734890
8/2/13,1709.67,423,734891
8/5/13,1707.14,424,734892
8/6/13,1697.37,425,734893
8/7/13,1690.91,426,734894
8/8/13,1697.48,427,734895
8/9/13,1691.42,428,734896
8/12/13,1689.47,429,734897
8/13/13,1694.16,430,734898
8/14/13,1685.39,431,734899
8/15/13,1661.3199,432,734900
8/16/13,1655.83,433,734901
8/19/13,1646.0601,434,734902
8/20/13,1652.35,435,734903
8/21/13,1642.8,436,734904
8/22/13,1656.96,437,734905
8/23/13,1663.5,438,734906
8/26/13,1656.78,439,734907
8/27/13,1630.48,440,734908
8/28/13,1634.96,441,734909
8/29/13,1638.17,442,734910
8/30/13,1632.97,443,734911
9/3/13,1639.77,444,734912
9/4/13,1653.08,445,734913
9/5/13,1655.08,446,734914
9/6/13,1655.17,447,734915
9/9/13,1671.71,448,734916
9/10/13,1683.99,449,734917
9/11/13,1689.13,450,734918
9/12/13,1683.42,451,734919
9/13/13,1687.99,452,734920
9/16/13,1697.6,453,734921
9/17/13,1704.76,454,734922
9/18/13,1725.52,455,734923
9/19/13,1722.34,456,734924
9/20/13,1709.91,457,734925
9/23/13,1701.84,458,734926
9/24/13,1697.42,459,734927
9/25/13,1692.77,460,734928
9/26/13,1698.67,461,734929
9/27/13,1691.75,462,734930
9/30/13,1681.55,463,734931
10/1/13,1695,464,734932
10/2/13,1693.87,465,734933
10/3/13,1678.66,466,734934
10/4/13,1690.5,467,734935
10/7/13,1676.12,468,734936
10/8/13,1655.45,469,734937
10/9/13,1656.4,470,734938
10/10/13,1692.5601,471,734939
10/11/13,1703.2,472,734940
10/14/13,1710.14,473,734941
10/15/13,1698.0601,474,734942
10/16/13,1721.54,475,734943
10/17/13,1733.15,476,734944
10/18/13,1744.5,477,734945
10/21/13,1744.66,478,734946
10/22/13,1754.67,479,734947
10/23/13,1746.38,480,734948
10/24/13,1752.0699,481,734949
10/25/13,1759.77,482,734950
10/28/13,1762.11,483,734951
10/29/13,1771.95,484,734952
10/30/13,1763.3101,485,734953
10/31/13,1756.54,486,734954
11/1/13,1761.64,487,734955
11/4/13,1767.9301,488,734956
11/5/13,1762.97,489,734957
11/6/13,1770.49,490,734958
11/7/13,1747.15,491,734959
11/8/13,1770.61,492,734960
11/11/13,1771.89,493,734961
11/12/13,1767.6899,494,734962
11/13/13,1782,495,734963
11/14/13,1790.62,496,734964
11/15/13,1798.1801,497,734965
11/18/13,1791.53,498,734966
11/19/13,1787.87,499,734967
11/20/13,1781.37,500,734968
11/21/13,1795.85,501,734969
11/22/13,1804.76,502,734970
11/25/13,1802.48,503,734971
11/26/13,1802.75,504,734972
11/27/13,1807.23,505,734973
11/29/13,1805.8101,506,734974
12/2/13,1800.9,507,734975
12/3/13,1795.15,508,734976
12/4/13,1792.8101,509,734977
12/5/13,1785.03,510,734978
12/6/13,1805.09,511,734979
12/9/13,1808.37,512,734980
12/10/13,1802.62,513,734981
12/11/13,1782.22,514,734982
12/12/13,1775.5,515,734983
12/13/13,1775.3199,516,734984
12/16/13,1786.54,517,734985
12/17/13,1781,518,734986
12/18/13,1810.65,519,734987
12/19/13,1809.6,520,734988
12/20/13,1818.3199,521,734989
12/23/13,1827.99,522,734990
12/24/13,1833.3199,523,734991
12/26/13,1842.02,524,734992
12/27/13,1841.4,525,734993
12/30/13,1841.0699,526,734994
12/31/13,1848.36,527,734995
1/2/14,1831.98,528,734996
1/3/14,1831.37,529,734997
1/6/14,1826.77,530,734998
1/7/14,1837.88,531,734999
1/8/14,1837.49,532,735000
1/9/14,1838.13,533,735001
1/10/14,1842.37,534,735002
1/13/14,1819.2,535,735003
1/14/14,1838.88,536,735004
1/15/14,1848.38,537,735005
1/16/14,1845.89,538,735006
1/17/14,1838.7,539,735007
1/21/14,1843.8,540,735008
1/22/14,1844.86,541,735009
1/23/14,1828.46,542,735010
1/24/14,1790.29,543,735011
1/27/14,1781.5601,544,735012
1/28/14,1792.5,545,735013
1/29/14,1774.2,546,735014
1/30/14,1794.1899,547,735015
1/31/14,1782.59,548,735016
2/3/14,1741.89,549,735017
2/4/14,1755.2,550,735018
2/5/14,1751.64,551,735019
2/6/14,1773.4301,552,735020
2/7/14,1797.02,553,735021
2/10/14,1799.84,554,735022
2/11/14,1819.75,555,735023
2/12/14,1819.26,556,735024
2/13/14,1829.83,557,735025
2/14/14,1838.63,558,735026
2/18/14,1840.76,559,735027
2/19/14,1828.75,560,735028
2/20/14,1839.78,561,735029
2/21/14,1836.25,562,735030
2/24/14,1847.61,563,735031
2/25/14,1845.12,564,735032
2/26/14,1845.16,565,735033
2/27/14,1854.29,566,735034
2/28/14,1859.45,567,735035
3/3/14,1845.73,568,735036
3/4/14,1873.91,569,735037
3/5/14,1873.8101,570,735038
3/6/14,1877.03,571,735039
3/7/14,1878.04,572,735040
3/10/14,1877.17,573,735041
3/11/14,1867.63,574,735042
3/12/14,1868.2,575,735043
3/13/14,1846.34,576,735044
3/14/14,1841.13,577,735045
3/17/14,1858.83,578,735046
3/18/14,1872.25,579,735047
3/19/14,1860.77,580,735048
3/20/14,1872.01,581,735049
3/21/14,1866.52,582,735050
3/24/14,1857.4399,583,735051
3/25/14,1865.62,584,735052
3/26/14,1852.5601,585,735053
3/27/14,1849.04,586,735054
3/28/14,1857.62,587,735055
3/31/14,1872.34,588,735056
4/1/14,1885.52,589,735057
4/2/14,1890.9,590,735058
4/3/14,1888.77,591,735059
4/4/14,1865.09,592,735060
4/7/14,1845.04,593,735061
4/8/14,1851.96,594,735062
4/9/14,1872.1801,595,735063
4/10/14,1833.08,596,735064
4/11/14,1815.6899,597,735065
4/14/14,1830.61,598,735066
4/15/14,1842.98,599,735067
4/16/14,1862.3101,600,735068
4/17/14,1864.85,601,735069
4/21/14,1871.89,602,735070
4/22/14,1879.55,603,735071
4/23/14,1875.39,604,735072
4/24/14,1878.61,605,735073
4/25/14,1863.4,606,735074
4/28/14,1869.4301,607,735075
4/29/14,1878.33,608,735076
4/30/14,1883.95,609,735077
5/1/14,1883.6801,610,735078
5/2/14,1881.14,611,735079
5/5/14,1884.66,612,735080
5/6/14,1867.72,613,735081
5/7/14,1878.21,614,735082
5/8/14,1875.63,615,735083
5/9/14,1878.48,616,735084
5/12/14,1896.65,617,735085
5/13/14,1897.45,618,735086
5/14/14,1888.53,619,735087
5/15/14,1870.85,620,735088
5/16/14,1877.86,621,735089
5/19/14,1885.08,622,735090
5/20/14,1872.83,623,735091
5/21/14,1888.03,624,735092
5/22/14,1892.49,625,735093
5/23/14,1900.53,626,735094
5/27/14,1911.91,627,735095
5/28/14,1909.78,628,735096
5/29/14,1920.03,629,735097
5/30/14,1923.5699,630,735098
6/2/14,1924.97,631,735099
6/3/14,1924.24,632,735100
6/4/14,1927.88,633,735101
6/5/14,1940.46,634,735102
6/6/14,1949.4399,635,735103
6/9/14,1951.27,636,735104
6/10/14,1950.79,637,735105
6/11/14,1943.89,638,735106
6/12/14,1930.11,639,735107
6/13/14,1936.16,640,735108
6/16/14,1937.78,641,735109
6/17/14,1941.99,642,735110
6/18/14,1956.98,643,735111
6/19/14,1959.48,644,735112
6/20/14,1962.87,645,735113
6/23/14,1962.61,646,735114
6/24/14,1949.98,647,735115
6/25/14,1959.53,648,735116
6/26/14,1957.22,649,735117
6/27/14,1960.96,650,735118
6/30/14,1960.23,651,735119
7/1/14,1973.3199,652,735120
7/2/14,1974.62,653,735121
7/3/14,1985.4399,654,735122
7/7/14,1977.65,655,735123
7/8/14,1963.71,656,735124
7/9/14,1972.83,657,735125
7/10/14,1964.6801,658,735126
7/11/14,1967.5699,659,735127
7/14/14,1977.1,660,735128
7/15/14,1973.28,661,735129
7/16/14,1981.5699,662,735130
7/17/14,1958.12,663,735131
7/18/14,1978.22,664,735132
7/21/14,1973.63,665,735133
7/22/14,1983.53,666,735134
7/23/14,1987.01,667,735135
7/24/14,1987.98,668,735136
7/25/14,1978.34,669,735137
7/28/14,1978.91,670,735138
7/29/14,1969.95,671,735139
7/30/14,1970.0699,672,735140
7/31/14,1930.67,673,735141
8/1/14,1925.15,674,735142
8/4/14,1938.99,675,735143
8/5/14,1920.21,676,735144
8/6/14,1920.24,677,735145
8/7/14,1909.5699,678,735146
8/8/14,1931.59,679,735147
8/11/14,1936.92,680,735148
8/12/14,1933.75,681,735149
8/13/14,1946.72,682,735150
8/14/14,1955.1801,683,735151
8/15/14,1955.0601,684,735152
8/18/14,1971.74,685,735153
8/19/14,1981.6,686,735154
8/20/14,1986.51,687,735155
8/21/14,1992.37,688,735156
8/22/14,1988.4,689,735157
8/25/14,1997.92,690,735158
8/26/14,2000.02,691,735159
8/27/14,2000.12,692,735160
8/28/14,1996.74,693,735161
8/29/14,2003.37,694,735162
9/2/14,2002.28,695,735163
9/3/14,2000.72,696,735164
9/4/14,1997.65,697,735165
9/5/14,2007.71,698,735166
9/8/14,2001.54,699,735167
9/9/14,1988.4399,700,735168
9/10/14,1995.6899,701,735169
9/11/14,1997.45,702,735170
9/12/14,1985.54,703,735171
9/15/14,1984.13,704,735172
9/16/14,1998.98,705,735173
9/17/14,2001.5699,706,735174
9/18/14,2011.36,707,735175
9/19/14,2010.4,708,735176
9/22/14,1994.29,709,735177
9/23/14,1982.77,710,735178
9/24/14,1998.3,711,735179
9/25/14,1965.99,712,735180
9/26/14,1982.85,713,735181
9/29/14,1977.8,714,735182
9/30/14,1972.29,715,735183
10/1/14,1946.16,716,735184
10/2/14,1946.17,717,735185
10/3/14,1967.9,718,735186
10/6/14,1964.8199,719,735187
10/7/14,1935.1,720,735188
10/8/14,1968.89,721,735189
10/9/14,1928.21,722,735190
10/10/14,1906.13,723,735191
10/13/14,1874.74,724,735192
10/14/14,1877.7,725,735193
10/15/14,1862.49,726,735194
10/16/14,1862.76,727,735195
10/17/14,1886.76,728,735196
10/20/14,1904.01,729,735197
10/21/14,1941.28,730,735198
10/22/14,1927.11,731,735199
10/23/14,1950.8199,732,735200
10/24/14,1964.58,733,735201
10/27/14,1961.63,734,735202
10/28/14,1985.05,735,735203
10/29/14,1982.3,736,735204
10/30/14,1994.65,737,735205
10/31/14,2018.05,738,735206
11/3/14,2017.8101,739,735207
11/4/14,2012.1,740,735208
11/5/14,2023.5699,741,735209
11/6/14,2031.21,742,735210
11/7/14,2031.92,743,735211
11/10/14,2038.26,744,735212
11/11/14,2039.6801,745,735213
11/12/14,2038.25,746,735214
11/13/14,2039.33,747,735215
11/14/14,2039.8199,748,735216
11/17/14,2041.3199,749,735217
11/18/14,2051.8,750,735218
11/19/14,2048.72,751,735219
11/20/14,2052.75,752,735220
11/21/14,2063.5,753,735221
11/24/14,2069.4099,754,735222
11/25/14,2067.03,755,735223
11/26/14,2072.8301,756,735224
11/28/14,2067.5601,757,735225
12/1/14,2053.4399,758,735226
12/2/14,2066.55,759,735227
12/3/14,2074.3301,760,735228
12/4/14,2071.9199,761,735229
12/5/14,2075.3701,762,735230
12/8/14,2060.3101,763,735231
12/9/14,2059.8201,764,735232
12/10/14,2026.14,765,735233
12/11/14,2035.33,766,735234
12/12/14,2002.33,767,735235
12/15/14,1989.63,768,735236
12/16/14,1972.74,769,735237
12/17/14,2012.89,770,735238
12/18/14,2061.23,771,735239
12/19/14,2070.6499,772,735240
12/22/14,2078.54,773,735241
12/23/14,2082.1699,774,735242
12/24/14,2081.8799,775,735243
12/26/14,2088.77,776,735244
12/29/14,2090.5701,777,735245
12/30/14,2080.3501,778,735246
12/31/14,2058.8999,779,735247
1/2/15,2058.2,780,735248
1/5/15,2020.58,781,735249
1/6/15,2002.61,782,735250
1/7/15,2025.9,783,735251
1/8/15,2062.1399,784,735252
1/9/15,2044.8101,785,735253
1/12/15,2028.26,786,735254
1/13/15,2023.03,787,735255
1/14/15,2011.27,788,735256
1/15/15,1992.67,789,735257
1/16/15,2019.42,790,735258
1/20/15,2022.55,791,735259
1/21/15,2032.12,792,735260
1/22/15,2063.1499,793,735261
1/23/15,2051.8201,794,735262
1/26/15,2057.0901,795,735263
1/27/15,2029.55,796,735264
1/28/15,2002.16,797,735265
1/29/15,2021.25,798,735266
1/30/15,1994.99,799,735267
2/2/15,2020.85,800,735268
2/3/15,2050.03,801,735269
2/4/15,2041.51,802,735270
2/5/15,2062.52,803,735271
2/6/15,2055.47,804,735272
2/9/15,2046.74,805,735273
2/10/15,2068.5901,806,735274
2/11/15,2068.53,807,735275
2/12/15,2088.48,808,735276
2/13/15,2096.99,809,735277
2/17/15,2100.3401,810,735278
2/18/15,2099.6799,811,735279
2/19/15,2097.45,812,735280
2/20/15,2110.3,813,735281
2/23/15,2109.6599,814,735282
2/24/15,2115.48,815,735283
2/25/15,2113.8601,816,735284
2/26/15,2110.74,817,735285
2/27/15,2104.5,818,735286
3/2/15,2117.3899,819,735287
3/3/15,2107.78,820,735288
3/4/15,2098.53,821,735289
3/5/15,2101.04,822,735290
3/6/15,2071.26,823,735291
3/9/15,2079.4299,824,735292
3/10/15,2044.16,825,735293
3/11/15,2040.24,826,735294
3/12/15,2065.95,827,735295
3/13/15,2053.3999,828,735296
3/16/15,2081.1899,829,735297
3/17/15,2074.28,830,735298
3/18/15,2099.5,831,735299
3/19/15,2089.27,832,735300
3/20/15,2108.1001,833,735301
3/23/15,2104.4199,834,735302
3/24/15,2091.5,835,735303
3/25/15,2061.05,836,735304
3/26/15,2056.1499,837,735305
3/27/15,2061.02,838,735306
3/30/15,2086.24,839,735307
3/31/15,2067.8899,840,735308
4/1/15,2059.6899,841,735309
4/2/15,2066.96,842,735310
4/6/15,2080.6201,843,735311
4/7/15,2076.3301,844,735312
4/8/15,2081.8999,845,735313
4/9/15,2091.1799,846,735314
4/10/15,2102.0601,847,735315
4/13/15,2092.4299,848,735316
4/14/15,2095.8401,849,735317
4/15/15,2106.6299,850,735318
4/16/15,2104.99,851,735319
4/17/15,2081.1799,852,735320
4/20/15,2100.3999,853,735321
4/21/15,2097.29,854,735322
4/22/15,2107.96,855,735323
4/23/15,2112.9299,856,735324
4/24/15,2117.6899,857,735325
4/27/15,2108.9199,858,735326
4/28/15,2114.76,859,735327
4/29/15,2106.8501,860,735328
4/30/15,2085.51,861,735329
5/1/15,2108.29,862,735330
5/4/15,2114.49,863,735331
5/5/15,2089.46,864,735332
5/6/15,2080.1499,865,735333
5/7/15,2088,866,735334
5/8/15,2116.1001,867,735335
5/11/15,2105.3301,868,735336
5/12/15,2099.1201,869,735337
5/13/15,2098.48,870,735338
5/14/15,2121.1001,871,735339
5/15/15,2122.73,872,735340
5/18/15,2129.2,873,735341
5/19/15,2127.8301,874,735342
5/20/15,2125.8501,875,735343
5/21/15,2130.8201,876,735344
5/22/15,2126.0601,877,735345
5/26/15,2104.2,878,735346
5/27/15,2123.48,879,735347
5/28/15,2120.79,880,735348
5/29/15,2107.3899,881,735349
6/1/15,2111.73,882,735350
6/2/15,2109.6001,883,735351
6/3/15,2114.0701,884,735352
6/4/15,2095.8401,885,735353
6/5/15,2092.8301,886,735354
6/8/15,2079.28,887,735355
6/9/15,2080.1499,888,735356
6/10/15,2105.2,889,735357
6/11/15,2108.8601,890,735358
6/12/15,2094.1101,891,735359
6/15/15,2084.4299,892,735360
6/16/15,2096.29,893,735361
6/17/15,2100.4399,894,735362
6/18/15,2121.24,895,735363
6/19/15,2109.99,896,735364
6/22/15,2122.8501,897,735365
6/23/15,2124.2,898,735366
6/24/15,2108.5801,899,735367
6/25/15,2102.3101,900,735368
6/26/15,2101.49,901,735369
6/29/15,2057.6399,902,735370
6/30/15,2063.1101,903,735371
7/1/15,2077.4199,904,735372
7/2/15,2076.78,905,735373
7/6/15,2068.76,906,735374
7/7/15,2081.3401,907,735375
7/8/15,2046.6801,908,735376
7/9/15,2051.3101,909,735377
7/10/15,2076.6201,910,735378
7/13/15,2099.6001,911,735379
7/14/15,2108.95,912,735380
7/15/15,2107.3999,913,735381
7/16/15,2124.29,914,735382
7/17/15,2126.6399,915,735383
7/20/15,2128.28,916,735384
7/21/15,2119.21,917,735385
7/22/15,2114.1499,918,735386
7/23/15,2102.1499,919,735387
7/24/15,2079.6499,920,735388
7/27/15,2067.6399,921,735389
7/28/15,2093.25,922,735390
7/29/15,2108.5701,923,735391
7/30/15,2108.6299,924,735392
7/31/15,2103.8401,925,735393
8/3/15,2098.04,926,735394
8/4/15,2093.3201,927,735395
8/5/15,2099.8401,928,735396
8/6/15,2083.5601,929,735397
8/7/15,2077.5701,930,735398
8/10/15,2104.1799,931,735399
8/11/15,2084.0701,932,735400
8/12/15,2086.05,933,735401
8/13/15,2083.3899,934,735402
8/14/15,2091.54,935,735403
8/17/15,2102.4399,936,735404
8/18/15,2096.9199,937,735405
8/19/15,2079.6101,938,735406
8/20/15,2035.73,939,735407
8/21/15,1970.89,940,735408
8/24/15,1893.21,941,735409
8/25/15,1867.61,942,735410
8/26/15,1940.51,943,735411
8/27/15,1987.66,944,735412
8/28/15,1988.87,945,735413
8/31/15,1972.1801,946,735414
9/1/15,1913.85,947,735415
9/2/15,1948.86,948,735416
9/3/15,1951.13,949,735417
9/4/15,1921.22,950,735418
9/8/15,1969.41,951,735419
9/9/15,1942.04,952,735420
9/10/15,1952.29,953,735421
9/11/15,1961.05,954,735422
9/14/15,1953.03,955,735423
9/15/15,1978.09,956,735424
9/16/15,1995.3101,957,735425
9/17/15,1990.2,958,735426
9/18/15,1958.03,959,735427
9/21/15,1966.97,960,735428
9/22/15,1942.74,961,735429
9/23/15,1938.76,962,735430
9/24/15,1932.24,963,735431
9/25/15,1931.34,964,735432
9/28/15,1881.77,965,735433
9/29/15,1884.09,966,735434
9/30/15,1920.03,967,735435
10/1/15,1923.8199,968,735436
10/2/15,1951.36,969,735437
10/5/15,1987.05,970,735438
10/6/15,1979.92,971,735439
10/7/15,1995.83,972,735440
10/8/15,2013.4301,973,735441
10/9/15,2014.89,974,735442
10/12/15,2017.46,975,735443
10/13/15,2003.6899,976,735444
10/14/15,1994.24,977,735445
10/15/15,2023.86,978,735446
10/16/15,2033.11,979,735447
10/19/15,2033.66,980,735448
10/20/15,2030.77,981,735449
10/21/15,2018.9399,982,735450
10/22/15,2052.51,983,735451
10/23/15,2075.1499,984,735452
10/26/15,2071.1799,985,735453
10/27/15,2065.8899,986,735454
10/28/15,2090.3501,987,735455
10/29/15,2089.4099,988,735456
10/30/15,2079.3601,989,735457
11/2/15,2104.05,990,735458
11/3/15,2109.79,991,735459
11/4/15,2102.3101,992,735460
11/5/15,2099.9299,993,735461
11/6/15,2099.2,994,735462
11/9/15,2078.5801,995,735463
11/10/15,2081.72,996,735464
11/11/15,2075,997,735465
11/12/15,2045.97,998,735466
11/13/15,2023.04,999,735467
11/16/15,2053.1899,1000,735468
11/17/15,2050.4399,1001,735469
11/18/15,2083.5801,1002,735470
11/19/15,2081.24,1003,735471
11/20/15,2089.1699,1004,735472
11/23/15,2086.5901,1005,735473
11/24/15,2089.1399,1006,735474
11/25/15,2088.8701,1007,735475
11/27/15,2090.1101,1008,735476
11/30/15,2080.4099,1009,735477
12/1/15,2102.6299,1010,735478
12/2/15,2079.51,1011,735479
12/3/15,2049.6201,1012,735480
12/4/15,2091.6899,1013,735481
12/7/15,2077.0701,1014,735482
12/8/15,2063.5901,1015,735483
12/9/15,2047.62,1016,735484
12/10/15,2052.23,1017,735485
12/11/15,2012.37,1018,735486
12/14/15,2021.9399,1019,735487
12/15/15,2043.41,1020,735488
12/16/15,2073.0701,1021,735489
12/17/15,2041.89,1022,735490
12/18/15,2005.55,1023,735491
12/21/15,2021.15,1024,735492
12/22/15,2038.97,1025,735493
12/23/15,2064.29,1026,735494
12/24/15,2060.99,1027,735495
12/28/15,2056.5,1028,735496
12/29/15,2078.3601,1029,735497
12/30/15,2063.3601,1030,735498
12/31/15,2043.9399,1031,735499
1/4/16,2012.66,1032,735500
1/5/16,2016.71,1033,735501
1/6/16,1990.26,1034,735502
1/7/16,1943.09,1035,735503
1/8/16,1922.03,1036,735504
1/11/16,1923.67,1037,735505
1/12/16,1938.6801,1038,735506
1/13/16,1890.28,1039,735507
1/14/16,1921.84,1040,735508
1/15/16,1880.33,1041,735509
1/19/16,1881.33,1042,735510
1/20/16,1859.33,1043,735511
1/21/16,1868.99,1044,735512
1/22/16,1906.9,1045,735513
1/25/16,1877.08,1046,735514
1/26/16,1903.63,1047,735515
1/27/16,1882.95,1048,735516
1/28/16,1893.36,1049,735517
1/29/16,1940.24,1050,735518
2/1/16,1939.38,1051,735519
2/2/16,1903.03,1052,735520
2/3/16,1912.53,1053,735521
2/4/16,1915.45,1054,735522
2/5/16,1880.05,1055,735523
2/8/16,1853.4399,1056,735524
2/9/16,1852.21,1057,735525
2/10/16,1851.86,1058,735526
2/11/16,1829.08,1059,735527
2/12/16,1864.78,1060,735528
2/16/16,1895.58,1061,735529
2/17/16,1926.8199,1062,735530
2/18/16,1917.83,1063,735531
2/19/16,1917.78,1064,735532
2/22/16,1945.5,1065,735533
2/23/16,1921.27,1066,735534
2/24/16,1929.8,1067,735535
2/25/16,1951.7,1068,735536
2/26/16,1948.05,1069,735537
2/29/16,1932.23,1070,735538
3/1/16,1978.35,1071,735539
3/2/16,1986.45,1072,735540
3/3/16,1993.4,1073,735541
3/4/16,1999.99,1074,735542
3/7/16,2001.76,1075,735543
3/8/16,1979.26,1076,735544
3/9/16,1989.26,1077,735545
3/10/16,1989.5699,1078,735546
3/11/16,2022.1899,1079,735547
3/14/16,2019.64,1080,735548
3/15/16,2015.9301,1081,735549
3/16/16,2027.22,1082,735550
3/17/16,2040.59,1083,735551
3/18/16,2049.5801,1084,735552
3/21/16,2051.6001,1085,735553
3/22/16,2049.8,1086,735554
3/23/16,2036.71,1087,735555
3/24/16,2035.9399,1088,735556
3/28/16,2037.05,1089,735557
3/29/16,2055.01,1090,735558
3/30/16,2063.95,1091,735559
3/31/16,2059.74,1092,735560
4/1/16,2072.78,1093,735561
4/4/16,2066.1299,1094,735562
4/5/16,2045.17,1095,735563
4/6/16,2066.6599,1096,735564
4/7/16,2041.91,1097,735565
4/8/16,2047.6,1098,735566
4/11/16,2041.99,1099,735567
4/12/16,2061.72,1100,735568
4/13/16,2082.4199,1101,735569
4/14/16,2082.78,1102,735570
4/15/16,2080.73,1103,735571
4/18/16,2094.3401,1104,735572
4/19/16,2100.8,1105,735573
4/20/16,2102.3999,1106,735574
4/21/16,2091.48,1107,735575
4/22/16,2091.5801,1108,735576
4/25/16,2087.79,1109,735577
4/26/16,2091.7,1110,735578
4/27/16,2095.1499,1111,735579
4/28/16,2075.8101,1112,735580
4/29/16,2065.3,1113,735581
5/2/16,2081.4299,1114,735582
5/3/16,2063.3701,1115,735583
5/4/16,2051.1201,1116,735584
5/5/16,2050.6299,1117,735585
5/6/16,2057.1399,1118,735586
5/9/16,2058.6899,1119,735587
5/10/16,2084.3899,1120,735588
5/11/16,2064.46,1121,735589
5/12/16,2064.1101,1122,735590
5/13/16,2046.61,1123,735591
5/16/16,2066.6599,1124,735592
5/17/16,2047.21,1125,735593
5/18/16,2047.63,1126,735594
5/19/16,2040.04,1127,735595
5/20/16,2052.3201,1128,735596
5/23/16,2048.04,1129,735597
5/24/16,2076.0601,1130,735598
5/25/16,2090.54,1131,735599
5/26/16,2090.1001,1132,735600
5/27/16,2099.0601,1133,735601
5/31/16,2096.96,1134,735602
6/1/16,2099.3301,1135,735603
6/2/16,2105.26,1136,735604
6/3/16,2099.1299,1137,735605
6/6/16,2109.4099,1138,735606
6/7/16,2112.1299,1139,735607
6/8/16,2119.1201,1140,735608
6/9/16,2115.48,1141,735609
6/10/16,2096.0701,1142,735610
6/13/16,2079.0601,1143,735611
6/14/16,2075.3201,1144,735612
6/15/16,2071.5,1145,735613
6/16/16,2077.99,1146,735614
6/17/16,2071.22,1147,735615
6/20/16,2083.25,1148,735616
6/21/16,2088.8999,1149,735617
6/22/16,2085.45,1150,735618
6/23/16,2113.3201,1151,735619
6/24/16,2037.41,1152,735620
6/27/16,2000.54,1153,735621
6/28/16,2036.09,1154,735622
6/29/16,2070.77,1155,735623
6/30/16,2098.8601,1156,735624
7/1/16,2102.95,1157,735625
7/5/16,2088.55,1158,735626
7/6/16,2099.73,1159,735627
7/7/16,2097.8999,1160,735628
7/8/16,2129.8999,1161,735629
7/11/16,2137.1599,1162,735630
7/12/16,2152.1399,1163,735631
7/13/16,2152.4299,1164,735632
7/14/16,2163.75,1165,735633
7/15/16,2161.74,1166,735634
7/18/16,2166.8899,1167,735635
7/19/16,2163.78,1168,735636
7/20/16,2173.02,1169,735637
7/21/16,2165.1699,1170,735638
7/22/16,2175.03,1171,735639
7/25/16,2168.48,1172,735640
7/26/16,2169.1799,1173,735641
7/27/16,2166.5801,1174,735642
7/28/16,2170.0601,1175,735643
7/29/16,2173.6001,1176,735644
8/1/16,2170.8401,1177,735645
8/2/16,2157.03,1178,735646
8/3/16,2163.79,1179,735647
8/4/16,2164.25,1180,735648
8/5/16,2182.8701,1181,735649
8/8/16,2180.8899,1182,735650
8/9/16,2181.74,1183,735651
8/10/16,2175.49,1184,735652
8/11/16,2185.79,1185,735653
8/12/16,2184.05,1186,735654
8/15/16,2190.1499,1187,735655
8/16/16,2178.1499,1188,735656
8/17/16,2182.22,1189,735657
8/18/16,2187.02,1190,735658
8/19/16,2183.8701,1191,735659
8/22/16,2182.6399,1192,735660
8/23/16,2186.8999,1193,735661
8/24/16,2175.4399,1194,735662
8/25/16,2172.47,1195,735663
8/26/16,2169.04,1196,735664
8/29/16,2180.3799,1197,735665
8/30/16,2176.1201,1198,735666
8/31/16,2170.95,1199,735667
9/1/16,2170.8601,1200,735668
9/2/16,2179.98,1201,735669
9/6/16,2186.48,1202,735670
9/7/16,2186.1599,1203,735671
9/8/16,2181.3,1204,735672
9/9/16,2127.8101,1205,735673
9/12/16,2159.04,1206,735674
9/13/16,2127.02,1207,735675
9/14/16,2125.77,1208,735676
9/15/16,2147.26,1209,735677
9/16/16,2139.1599,1210,735678
9/19/16,2139.1201,1211,735679
9/20/16,2139.76,1212,735680
9/21/16,2163.1201,1213,735681
9/22/16,2177.1799,1214,735682
9/23/16,2164.6899,1215,735683
9/26/16,2146.1001,1216,735684
9/27/16,2159.9299,1217,735685
9/28/16,2171.3701,1218,735686
9/29/16,2151.1299,1219,735687
9/30/16,2168.27,1220,735688
10/3/16,2161.2,1221,735689
10/4/16,2150.49,1222,735690
10/5/16,2159.73,1223,735691
10/6/16,2160.77,1224,735692
10/7/16,2153.74,1225,735693
10/10/16,2163.6599,1226,735694
10/11/16,2136.73,1227,735695
10/12/16,2139.1799,1228,735696
10/13/16,2132.55,1229,735697
10/14/16,2132.98,1230,735698
10/17/16,2126.5,1231,735699
10/18/16,2139.6001,1232,735700
10/19/16,2144.29,1233,735701
10/20/16,2141.3401,1234,735702
10/21/16,2141.1599,1235,735703
10/24/16,2151.3301,1236,735704
10/25/16,2143.1599,1237,735705
10/26/16,2139.4299,1238,735706
10/27/16,2133.04,1239,735707
10/28/16,2126.4099,1240,735708
10/31/16,2126.1499,1241,735709
11/1/16,2111.72,1242,735710
11/2/16,2097.9399,1243,735711
11/3/16,2088.6599,1244,735712
11/4/16,2085.1799,1245,735713
11/7/16,2131.52,1246,735714
11/8/16,2139.5601,1247,735715
11/9/16,2163.26,1248,735716
11/10/16,2167.48,1249,735717
11/11/16,2164.45,1250,735718
11/14/16,2164.2,1251,735719
11/15/16,2180.3899,1252,735720
11/16/16,2176.9399,1253,735721
11/17/16,2187.1201,1254,735722
11/18/16,2181.8999,1255,735723
11/21/16,2198.1799,1256,735724
11/22/16,2202.9399,1257,735725
11/23/16,2204.72,1258,735726
11/25/16,2213.3501,1259,735727
11/28/16,2201.72,1260,735728
11/29/16,2204.6599,1261,735729
11/30/16,2198.8101,1262,735730
12/1/16,2191.0801,1263,735731
12/2/16,2191.95,1264,735732
12/5/16,2204.71,1265,735733
12/6/16,2212.23,1266,735734
12/7/16,2241.3501,1267,735735
12/8/16,2246.1899,1268,735736
12/9/16,2259.53,1269,735737
12/12/16,2256.96,1270,735738
12/13/16,2271.72,1271,735739
12/14/16,2253.28,1272,735740
12/15/16,2262.03,1273,735741
12/16/16,2258.0701,1274,735742
12/19/16,2262.53,1275,735743
12/20/16,2270.76,1276,735744
12/21/16,2265.1799,1277,735745
12/22/16,2260.96,1278,735746
12/23/16,2263.79,1279,735747
12/27/16,2268.8799,1280,735748
12/28/16,2249.9199,1281,735749
12/29/16,2249.26,1282,735750
12/30/16,2238.8301,1283,735751
1/3/17,2257.8301,1284,735752
1/4/17,2270.75,1285,735753
1/5/17,2269,1286,735754
1/6/17,2276.98,1287,735755
1/9/17,2268.8999,1288,735756
1/10/17,2268.8999,1289,735757
1/11/17,2275.3201,1290,735758
1/12/17,2270.4399,1291,735759
1/13/17,2274.6399,1292,735760
1/17/17,2267.8899,1293,735761
1/18/17,2271.8899,1294,735762
1/19/17,2263.6899,1295,735763
1/20/17,2271.3101,1296,735764
1/23/17,2265.2,1297,735765
1/24/17,2280.0701,1298,735766
1/25/17,2298.3701,1299,735767
1/26/17,2296.6799,1300,735768
1/27/17,2294.6899,1301,735769
1/30/17,2280.8999,1302,735770
1/31/17,2278.8701,1303,735771
2/1/17,2279.55,1304,735772
2/2/17,2280.8501,1305,735773
2/3/17,2297.4199,1306,735774
2/6/17,2292.5601,1307,735775
2/7/17,2293.0801,1308,735776
2/8/17,2294.6699,1309,735777
2/9/17,2307.8701,1310,735778
2/10/17,2316.1001,1311,735779
2/13/17,2328.25,1312,735780
2/14/17,2337.5801,1313,735781
2/15/17,2349.25,1314,735782
2/16/17,2347.22,1315,735783
2/17/17,2351.1599,1316,735784
2/21/17,2365.3799,1317,735785
2/22/17,2362.8201,1318,735786
2/23/17,2363.8101,1319,735787
2/24/17,2367.3401,1320,735788
2/27/17,2369.75,1321,735789
2/28/17,2363.6399,1322,735790
3/1/17,2395.96,1323,735791
3/2/17,2381.9199,1324,735792
3/3/17,2383.1201,1325,735793
3/6/17,2375.3101,1326,735794
3/7/17,2368.3899,1327,735795
3/8/17,2362.98,1328,735796
3/9/17,2364.8701,1329,735797
3/10/17,2372.6001,1330,735798
3/13/17,2373.47,1331,735799
3/14/17,2365.45,1332,735800
3/15/17,2385.26,1333,735801
3/16/17,2381.3799,1334,735802
3/17/17,2378.25,1335,735803
3/20/17,2373.47,1336,735804
3/21/17,2344.02,1337,735805
3/22/17,2348.45,1338,735806
3/23/17,2345.96,1339,735807
3/24/17,2343.98,1340,735808
3/27/17,2341.5901,1341,735809
3/28/17,2358.5701,1342,735810
3/29/17,2361.1299,1343,735811
3/30/17,2368.0601,1344,735812
3/31/17,2362.72,1345,735813
4/3/17,2358.8401,1346,735814
4/4/17,2360.1599,1347,735815
4/5/17,2352.95,1348,735816
4/6/17,2357.49,1349,735817
4/7/17,2355.54,1350,735818
4/10/17,2357.1599,1351,735819
4/11/17,2353.78,1352,735820
4/12/17,2344.9299,1353,735821
4/13/17,2328.95,1354,735822
4/17/17,2349.01,1355,735823
4/18/17,2342.1899,1356,735824
4/19/17,2338.1699,1357,735825
4/20/17,2355.8401,1358,735826
4/21/17,2348.6899,1359,735827
4/24/17,2374.1499,1360,735828
4/25/17,2388.6101,1361,735829
4/26/17,2387.45,1362,735830
4/27/17,2388.77,1363,735831
4/28/17,2384.2,1364,735832
5/1/17,2388.3301,1365,735833
5/2/17,2391.1699,1366,735834
5/3/17,2388.1299,1367,735835
5/4/17,2389.52,1368,735836
5/5/17,2399.29,1369,735837
5/8/17,2399.3799,1370,735838
5/9/17,2396.9199,1371,735839
5/10/17,2399.6299,1372,735840
5/11/17,2394.4399,1373,735841
5/12/17,2390.8999,1374,735842
5/15/17,2402.3201,1375,735843
5/16/17,2400.6699,1376,735844
5/17/17,2357.03,1377,735845
5/18/17,2365.72,1378,735846
5/19/17,2381.73,1379,735847
5/22/17,2394.02,1380,735848
5/23/17,2398.4199,1381,735849
5/24/17,2404.3899,1382,735850
5/25/17,2415.0701,1383,735851
5/26/17,2415.8201,1384,735852
5/30/17,2412.9099,1385,735853
5/31/17,2411.8,1386,735854
6/1/17,2430.0601,1387,735855
6/2/17,2439.0701,1388,735856
6/5/17,2436.1001,1389,735857
6/6/17,2429.3301,1390,735858
6/7/17,2433.1399,1391,735859
6/8/17,2433.79,1392,735860
6/9/17,2431.77,1393,735861
6/12/17,2429.3899,1394,735862
6/13/17,2440.3501,1395,735863
6/14/17,2437.9199,1396,735864
6/15/17,2432.46,1397,735865
6/16/17,2433.1499,1398,735866
6/19/17,2453.46,1399,735867
6/20/17,2437.03,1400,735868
6/21/17,2435.6101,1401,735869
6/22/17,2434.5,1402,735870
6/23/17,2438.3,1403,735871
6/26/17,2439.0701,1404,735872
6/27/17,2419.3799,1405,735873
6/28/17,2440.6899,1406,735874
6/29/17,2419.7,1407,735875
6/30/17,2423.4099,1408,735876
7/3/17,2429.01,1409,735877
7/5/17,2432.54,1410,735878
7/6/17,2409.75,1411,735879
7/7/17,2425.1799,1412,735880
7/10/17,2427.4299,1413,735881
7/11/17,2425.53,1414,735882
7/12/17,2443.25,1415,735883
7/13/17,2447.8301,1416,735884
7/14/17,2459.27,1417,735885
7/17/17,2459.1399,1418,735886
7/18/17,2460.6101,1419,735887
7/19/17,2473.8301,1420,735888
7/20/17,2473.45,1421,735889
7/21/17,2472.54,1422,735890
7/24/17,2469.9099,1423,735891
7/25/17,2477.1299,1424,735892
7/26/17,2477.8301,1425,735893
7/27/17,2475.4199,1426,735894
7/28/17,2472.1001,1427,735895
7/31/17,2470.3,1428,735896
8/1/17,2476.3501,1429,735897
8/2/17,2477.5701,1430,735898
8/3/17,2472.1599,1431,735899
8/4/17,2476.8301,1432,735900
8/7/17,2480.9099,1433,735901
8/8/17,2474.9199,1434,735902
8/9/17,2474.02,1435,735903
8/10/17,2438.21,1436,735904
8/11/17,2441.3201,1437,735905
8/14/17,2465.8401,1438,735906
8/15/17,2464.6101,1439,735907
8/16/17,2468.1101,1440,735908
8/17/17,2430.01,1441,735909
8/18/17,2425.55,1442,735910
8/21/17,2428.3701,1443,735911
8/22/17,2452.51,1444,735912
8/23/17,2444.04,1445,735913
8/24/17,2438.97,1446,735914
8/25/17,2443.05,1447,735915
8/28/17,2444.24,1448,735916
8/29/17,2446.3,1449,735917
8/30/17,2457.5901,1450,735918
8/31/17,2471.6499,1451,735919
9/1/17,2476.55,1452,735920
9/5/17,2457.8501,1453,735921
9/6/17,2465.54,1454,735922
9/7/17,2465.1001,1455,735923
9/8/17,2461.4299,1456,735924
9/11/17,2488.1101,1457,735925
9/12/17,2496.48,1458,735926
9/13/17,2498.3701,1459,735927
9/14/17,2495.6201,1460,735928
9/15/17,2500.23,1461,735929
9/18/17,2503.8701,1462,735930
9/19/17,2506.6499,1463,735931
9/20/17,2508.24,1464,735932
9/21/17,2500.6001,1465,735933
9/22/17,2502.22,1466,735934
9/25/17,2496.6599,1467,735935
9/26/17,2496.8401,1468,735936
9/27/17,2507.04,1469,735937
9/28/17,2510.0601,1470,735938
9/29/17,2519.3601,1471,735939
10/2/17,2529.1201,1472,735940
10/3/17,2534.5801,1473,735941
10/4/17,2537.74,1474,735942
10/5/17,2552.0701,1475,735943
10/6/17,2549.3301,1476,735944
10/9/17,2544.73,1477,735945
10/10/17,2550.6399,1478,735946
10/11/17,2555.24,1479,735947
10/12/17,2550.9299,1480,735948
10/13/17,2553.1699,1481,735949
10/16/17,2557.6399,1482,735950
10/17/17,2559.3601,1483,735951
10/18/17,2561.26,1484,735952
10/19/17,2562.1001,1485,735953
10/20/17,2575.21,1486,735954
10/23/17,2564.98,1487,735955
10/24/17,2569.1299,1488,735956
10/25/17,2557.1499,1489,735957
10/26/17,2560.3999,1490,735958
10/27/17,2581.0701,1491,735959
10/30/17,2572.8301,1492,735960
10/31/17,2575.26,1493,735961
11/1/17,2579.3601,1494,735962
11/2/17,2579.8501,1495,735963
11/3/17,2587.8401,1496,735964
11/6/17,2591.1299,1497,735965
11/7/17,2590.6399,1498,735966
11/8/17,2594.3799,1499,735967
11/9/17,2584.6201,1500,735968
11/10/17,2582.3,1501,735969
11/13/17,2584.8401,1502,735970
11/14/17,2578.8701,1503,735971
11/15/17,2564.6201,1504,735972
11/16/17,2585.6399,1505,735973
11/17/17,2578.8501,1506,735974
11/20/17,2582.1399,1507,735975
11/21/17,2599.03,1508,735976
11/22/17,2597.0801,1509,735977
11/24/17,2602.4199,1510,735978
11/27/17,2601.4199,1511,735979
11/28/17,2627.04,1512,735980
11/29/17,2626.0701,1513,735981
11/30/17,2647.5801,1514,735982
12/1/17,2642.22,1515,735983
12/4/17,2639.4399,1516,735984
12/5/17,2629.5701,1517,735985
12/6/17,2629.27,1518,735986
12/7/17,2636.98,1519,735987
12/8/17,2651.5,1520,735988
12/11/17,2659.99,1521,735989
12/12/17,2664.1101,1522,735990
12/13/17,2662.8501,1523,735991
12/14/17,2652.01,1524,735992
12/15/17,2675.8101,1525,735993
12/18/17,2690.1599,1526,735994
12/19/17,2681.47,1527,735995
12/20/17,2679.25,1528,735996
12/21/17,2684.5701,1529,735997
12/22/17,2683.3401,1530,735998
12/26/17,2680.5,1531,735999
12/27/17,2682.6201,1532,736000
12/28/17,2687.54,1533,736001
12/29/17,2673.6101,1534,736002
1/2/18,2695.8101,1535,736003
1/3/18,2713.0601,1536,736004
1/4/18,2723.99,1537,736005
1/5/18,2743.1499,1538,736006
1/8/18,2747.71,1539,736007
1/9/18,2751.29,1540,736008
1/10/18,2748.23,1541,736009
1/11/18,2767.5601,1542,736010
1/12/18,2786.24,1543,736011
1/16/18,2776.4199,1544,736012
1/17/18,2802.5601,1545,736013
1/18/18,2798.03,1546,736014
1/19/18,2810.3,1547,736015
1/22/18,2832.97,1548,736016
1/23/18,2839.1299,1549,736017
1/24/18,2837.54,1550,736018
1/25/18,2839.25,1551,736019
1/26/18,2872.8701,1552,736020
1/29/18,2853.53,1553,736021
1/30/18,2822.4299,1554,736022
1/31/18,2823.8101,1555,736023
2/1/18,2821.98,1556,736024
2/2/18,2762.1299,1557,736025
2/5/18,2648.9399,1558,736026
2/6/18,2695.1399,1559,736027
2/7/18,2681.6599,1560,736028
2/8/18,2581,1561,736029
2/9/18,2619.55,1562,736030
2/12/18,2656,1563,736031
2/13/18,2662.9399,1564,736032
2/14/18,2698.6299,1565,736033
2/15/18,2731.2,1566,736034
2/16/18,2732.22,1567,736035
2/20/18,2716.26,1568,736036
2/21/18,2701.3301,1569,736037
2/22/18,2703.96,1570,736038
2/23/18,2747.3,1571,736039
2/26/18,2779.6001,1572,736040
2/27/18,2744.28,1573,736041
2/28/18,2713.8301,1574,736042
3/1/18,2677.6699,1575,736043
3/2/18,2691.25,1576,736044
3/5/18,2720.9399,1577,736045
3/6/18,2728.1201,1578,736046
3/7/18,2726.8,1579,736047
3/8/18,2738.97,1580,736048
3/9/18,2786.5701,1581,736049
3/12/18,2783.02,1582,736050
3/13/18,2765.3101,1583,736051
3/14/18,2749.48,1584,736052
3/15/18,2747.3301,1585,736053
3/16/18,2752.01,1586,736054
3/19/18,2712.9199,1587,736055
3/20/18,2716.9399,1588,736056
3/21/18,2711.9299,1589,736057
3/22/18,2643.6899,1590,736058
3/23/18,2588.26,1591,736059
3/26/18,2658.55,1592,736060
3/27/18,2612.6201,1593,736061
3/28/18,2605,1594,736062
3/29/18,2640.8701,1595,736063
4/2/18,2581.8799,1596,736064
4/3/18,2614.45,1597,736065
4/4/18,2644.6899,1598,736066
4/5/18,2662.8401,1599,736067
4/6/18,2604.47,1600,736068
4/9/18,2613.1599,1601,736069
4/10/18,2656.8701,1602,736070
4/11/18,2642.1899,1603,736071
4/12/18,2663.99,1604,736072
4/13/18,2656.3,1605,736073
4/16/18,2677.8401,1606,736074
4/17/18,2706.3899,1607,736075
4/18/18,2708.6399,1608,736076
4/19/18,2693.1299,1609,736077
4/20/18,2670.1399,1610,736078
4/23/18,2670.29,1611,736079
4/24/18,2634.5601,1612,736080
4/25/18,2639.3999,1613,736081
4/26/18,2666.9399,1614,736082
4/27/18,2669.9099,1615,736083
4/30/18,2648.05,1616,736084
5/1/18,2654.8,1617,736085
5/2/18,2635.6699,1618,736086
5/3/18,2629.73,1619,736087
5/4/18,2663.4199,1620,736088
5/7/18,2672.6299,1621,736089
5/8/18,2671.9199,1622,736090
5/9/18,2697.79,1623,736091
5/10/18,2723.0701,1624,736092
5/11/18,2727.72,1625,736093
5/14/18,2730.1299,1626,736094
5/15/18,2711.45,1627,736095
5/16/18,2722.46,1628,736096
5/17/18,2720.1299,1629,736097
5/18/18,2712.97,1630,736098
5/21/18,2733.01,1631,736099
5/22/18,2724.4399,1632,736100
5/23/18,2733.29,1633,736101
5/24/18,2727.76,1634,736102
5/25/18,2721.3301,1635,736103
5/29/18,2689.8601,1636,736104
5/30/18,2724.01,1637,736105
5/31/18,2705.27,1638,736106
6/1/18,2734.6201,1639,736107
6/4/18,2746.8701,1640,736108
6/5/18,2748.8,1641,736109
6/6/18,2772.3501,1642,736110
6/7/18,2770.3701,1643,736111
6/8/18,2779.03,1644,736112
6/11/18,2782,1645,736113
6/12/18,2786.8501,1646,736114
6/13/18,2775.6299,1647,736115
6/14/18,2782.49,1648,736116
6/15/18,2779.6599,1649,736117
6/18/18,2773.75,1650,736118
6/19/18,2762.5901,1651,736119
6/20/18,2767.3201,1652,736120
6/21/18,2749.76,1653,736121
6/22/18,2754.8799,1654,736122
6/25/18,2717.0701,1655,736123
6/26/18,2723.0601,1656,736124
6/27/18,2699.6299,1657,736125
6/28/18,2716.3101,1658,736126
6/29/18,2718.3701,1659,736127
7/2/18,2726.71,1660,736128
7/3/18,2713.22,1661,736129
7/5/18,2736.6101,1662,736130
7/6/18,2759.8201,1663,736131
7/9/18,2784.1699,1664,736132
7/10/18,2793.8401,1665,736133
7/11/18,2774.02,1666,736134
7/12/18,2798.29,1667,736135
7/13/18,2801.3101,1668,736136
7/16/18,2798.4299,1669,736137
7/17/18,2809.55,1670,736138
7/18/18,2815.6201,1671,736139
7/19/18,2804.49,1672,736140
7/20/18,2801.8301,1673,736141
7/23/18,2806.98,1674,736142
7/24/18,2820.3999,1675,736143
7/25/18,2846.0701,1676,736144
7/26/18,2837.4399,1677,736145
7/27/18,2818.8201,1678,736146
7/30/18,2802.6001,1679,736147
7/31/18,2816.29,1680,736148
8/1/18,2813.3601,1681,736149
8/2/18,2827.22,1682,736150
8/3/18,2840.3501,1683,736151
8/6/18,2850.3999,1684,736152
8/7/18,2858.45,1685,736153
8/8/18,2857.7,1686,736154
8/9/18,2853.5801,1687,736155
8/10/18,2833.28,1688,736156
8/13/18,2821.9299,1689,736157
8/14/18,2839.96,1690,736158
8/15/18,2818.3701,1691,736159
8/16/18,2840.6899,1692,736160
8/17/18,2850.1299,1693,736161
8/20/18,2857.05,1694,736162
8/21/18,2862.96,1695,736163
8/22/18,2861.8201,1696,736164
8/23/18,2856.98,1697,736165
8/24/18,2874.6899,1698,736166
8/27/18,2896.74,1699,736167
8/28/18,2897.52,1700,736168
8/29/18,2914.04,1701,736169
8/30/18,2901.1299,1702,736170
8/31/18,2901.52,1703,736171
9/4/18,2896.72,1704,736172
9/5/18,2888.6001,1705,736173
9/6/18,2878.05,1706,736174
9/7/18,2871.6799,1707,736175
9/10/18,2877.1299,1708,736176
9/11/18,2887.8899,1709,736177
9/12/18,2888.9199,1710,736178
9/13/18,2904.1799,1711,736179
9/14/18,2904.98,1712,736180
9/17/18,2888.8,1713,736181
9/18/18,2904.3101,1714,736182
9/19/18,2907.95,1715,736183
9/20/18,2930.75,1716,736184
9/21/18,2929.6699,1717,736185
9/24/18,2919.3701,1718,736186
9/25/18,2915.5601,1719,736187
9/26/18,2905.97,1720,736188
9/27/18,2914,1721,736189
9/28/18,2913.98,1722,736190
10/1/18,2924.5901,1723,736191
10/2/18,2923.4299,1724,736192
10/3/18,2925.51,1725,736193
10/4/18,2901.6101,1726,736194
10/5/18,2885.5701,1727,736195
10/8/18,2884.4299,1728,736196
10/9/18,2880.3401,1729,736197
10/10/18,2785.6799,1730,736198
10/11/18,2728.3701,1731,736199
10/12/18,2767.1299,1732,736200
10/15/18,2750.79,1733,736201
10/16/18,2809.9199,1734,736202
10/17/18,2809.21,1735,736203
10/18/18,2768.78,1736,736204
10/19/18,2767.78,1737,736205
10/22/18,2755.8799,1738,736206
10/23/18,2740.6899,1739,736207
10/24/18,2656.1001,1740,736208
10/25/18,2705.5701,1741,736209
10/26/18,2658.6899,1742,736210
10/29/18,2641.25,1743,736211
10/30/18,2682.6299,1744,736212
10/31/18,2711.74,1745,736213
11/1/18,2740.3701,1746,736214
11/2/18,2723.0601,1747,736215
11/5/18,2738.3101,1748,736216
11/6/18,2755.45,1749,736217
11/7/18,2813.8899,1750,736218
11/8/18,2806.8301,1751,736219
11/9/18,2781.01,1752,736220
11/12/18,2726.22,1753,736221
11/13/18,2722.1799,1754,736222
11/14/18,2701.5801,1755,736223
11/15/18,2730.2,1756,736224
11/16/18,2736.27,1757,736225
11/19/18,2690.73,1758,736226
11/20/18,2641.8899,1759,736227
11/21/18,2649.9299,1760,736228
11/23/18,2632.5601,1761,736229
11/26/18,2673.45,1762,736230
11/27/18,2682.1699,1763,736231
11/28/18,2743.79,1764,736232
11/29/18,2737.76,1765,736233
11/30/18,2760.1699,1766,736234
12/3/18,2790.3701,1767,736235
12/4/18,2700.0601,1768,736236
12/6/18,2695.95,1769,736237
12/7/18,2633.0801,1770,736238
12/10/18,2637.72,1771,736239
12/11/18,2636.78,1772,736240
12/12/18,2651.0701,1773,736241
12/13/18,2650.54,1774,736242
12/14/18,2599.95,1775,736243
12/17/18,2545.9399,1776,736244
12/18/18,2546.1599,1777,736245
12/19/18,2506.96,1778,736246
12/20/18,2467.4199,1779,736247
12/21/18,2416.6201,1780,736248
12/24/18,2351.1001,1781,736249
12/26/18,2467.7,1782,736250
12/27/18,2488.8301,1783,736251
12/28/18,2485.74,1784,736252
12/31/18,2506.8501,1785,736253
1/2/19,2510.03,1786,736254
1/3/19,2447.8899,1787,736255
1/4/19,2531.9399,1788,736256
1/7/19,2549.6899,1789,736257
1/8/19,2574.4099,1790,736258
1/9/19,2584.96,1791,736259
1/10/19,2596.6399,1792,736260
1/11/19,2596.26,1793,736261
1/14/19,2582.6101,1794,736262
1/15/19,2610.3,1795,736263
1/16/19,2616.1001,1796,736264
1/17/19,2635.96,1797,736265
1/18/19,2670.71,1798,736266
1/22/19,2632.8999,1799,736267
1/23/19,2638.7,1800,736268
1/24/19,2642.3301,1801,736269
1/25/19,2664.76,1802,736270
1/28/19,2643.8501,1803,736271
1/29/19,2640,1804,736272
1/30/19,2681.05,1805,736273
1/31/19,2704.1001,1806,736274
2/1/19,2706.53,1807,736275
2/4/19,2724.8701,1808,736276
2/5/19,2737.7,1809,736277
2/6/19,2731.6101,1810,736278
2/7/19,2706.05,1811,736279
2/8/19,2707.8799,1812,736280
2/11/19,2709.8,1813,736281
2/12/19,2744.73,1814,736282
2/13/19,2753.03,1815,736283
2/14/19,2745.73,1816,736284
2/15/19,2775.6001,1817,736285
2/19/19,2779.76,1818,736286
2/20/19,2784.7,1819,736287
2/21/19,2774.8799,1820,736288
2/22/19,2792.6699,1821,736289
2/25/19,2796.1101,1822,736290
2/26/19,2793.8999,1823,736291
2/27/19,2792.3799,1824,736292
2/28/19,2784.49,1825,736293
3/1/19,2803.6899,1826,736294
3/4/19,2792.8101,1827,736295
3/5/19,2789.6499,1828,736296
3/6/19,2771.45,1829,736297
3/7/19,2748.9299,1830,736298
3/8/19,2743.0701,1831,736299
3/11/19,2783.3,1832,736300
3/12/19,2791.52,1833,736301
3/13/19,2810.9199,1834,736302
3/14/19,2808.48,1835,736303
3/15/19,2822.48,1836,736304
3/18/19,2832.9399,1837,736305
3/19/19,2832.5701,1838,736306
3/20/19,2824.23,1839,736307
3/21/19,2854.8799,1840,736308
3/22/19,2800.71,1841,736309
3/25/19,2798.3601,1842,736310
3/26/19,2818.46,1843,736311
3/27/19,2805.3701,1844,736312
3/28/19,2815.4399,1845,736313
3/29/19,2834.3999,1846,736314
4/1/19,2867.1899,1847,736315
4/2/19,2867.24,1848,736316
4/3/19,2873.3999,1849,736317
4/4/19,2879.3899,1850,736318
4/5/19,2892.74,1851,736319
4/8/19,2895.77,1852,736320
4/9/19,2878.2,1853,736321
4/10/19,2888.21,1854,736322
4/11/19,2888.3201,1855,736323
4/12/19,2907.4099,1856,736324
4/15/19,2905.5801,1857,736325
4/16/19,2907.0601,1858,736326
4/17/19,2900.45,1859,736327
4/18/19,2905.03,1860,736328
4/22/19,2907.97,1861,736329
4/23/19,2933.6799,1862,736330
4/24/19,2927.25,1863,736331
4/25/19,2926.1699,1864,736332
4/26/19,2939.8799,1865,736333
4/29/19,2943.03,1866,736334
4/30/19,2945.8301,1867,736335
5/1/19,2923.73,1868,736336
5/2/19,2917.52,1869,736337
5/3/19,2945.6399,1870,736338
5/6/19,2932.47,1871,736339
5/7/19,2884.05,1872,736340
5/8/19,2879.4199,1873,736341
5/9/19,2870.72,1874,736342
5/10/19,2881.3999,1875,736343
5/13/19,2811.8701,1876,736344
5/14/19,2834.4099,1877,736345
5/15/19,2850.96,1878,736346
5/16/19,2876.3201,1879,736347
5/17/19,2859.53,1880,736348
5/20/19,2840.23,1881,736349
5/21/19,2864.3601,1882,736350
5/22/19,2856.27,1883,736351
5/23/19,2822.24,1884,736352
5/24/19,2826.0601,1885,736353
5/28/19,2802.3899,1886,736354
5/29/19,2783.02,1887,736355
5/30/19,2788.8601,1888,736356
5/31/19,2752.0601,1889,736357
6/3/19,2744.45,1890,736358
6/4/19,2803.27,1891,736359
6/5/19,2826.1499,1892,736360
6/6/19,2843.49,1893,736361
6/7/19,2873.3401,1894,736362
6/10/19,2886.73,1895,736363
6/11/19,2885.72,1896,736364
6/12/19,2879.8401,1897,736365
6/13/19,2891.6399,1898,736366
6/14/19,2886.98,1899,736367
6/17/19,2889.6699,1900,736368
6/18/19,2917.75,1901,736369
6/19/19,2926.46,1902,736370
6/20/19,2954.1799,1903,736371
6/21/19,2950.46,1904,736372
6/24/19,2945.3501,1905,736373
6/25/19,2917.3799,1906,736374
6/26/19,2913.78,1907,736375
6/27/19,2924.9199,1908,736376
6/28/19,2941.76,1909,736377
7/1/19,2964.3301,1910,736378
7/2/19,2973.01,1911,736379
7/3/19,2995.8201,1912,736380
7/5/19,2990.4099,1913,736381
7/8/19,2975.95,1914,736382
7/9/19,2979.6299,1915,736383
7/10/19,2993.0701,1916,736384
7/11/19,2999.9099,1917,736385
7/12/19,3013.77,1918,736386
7/15/19,3014.3,1919,736387
7/16/19,3004.04,1920,736388
7/17/19,2984.4199,1921,736389
7/18/19,2995.1101,1922,736390
7/19/19,2976.6101,1923,736391
7/22/19,2985.03,1924,736392
7/23/19,3005.47,1925,736393
7/24/19,3019.5601,1926,736394
7/25/19,3003.6699,1927,736395
7/26/19,3025.8601,1928,736396
7/29/19,3020.97,1929,736397
7/30/19,3013.1799,1930,736398
7/31/19,2980.3799,1931,736399
8/1/19,2953.5601,1932,736400
8/2/19,2932.05,1933,736401
8/5/19,2844.74,1934,736402
8/6/19,2881.77,1935,736403
8/7/19,2883.98,1936,736404
8/8/19,2938.0901,1937,736405
8/9/19,2918.6499,1938,736406
8/12/19,2883.75,1939,736407
8/13/19,2926.3201,1940,736408
8/14/19,2840.6001,1941,736409
8/15/19,2847.6001,1942,736410
8/16/19,2888.6799,1943,736411
8/19/19,2923.6499,1944,736412
8/20/19,2900.51,1945,736413
8/21/19,2924.4299,1946,736414
8/22/19,2922.95,1947,736415
8/23/19,2847.1101,1948,736416
8/26/19,2878.3799,1949,736417
8/27/19,2869.1599,1950,736418
8/28/19,2887.9399,1951,736419
8/29/19,2924.5801,1952,736420
8/30/19,2926.46,1953,736421
9/3/19,2906.27,1954,736422
9/4/19,2937.78,1955,736423
9/5/19,2976,1956,736424
9/6/19,2978.71,1957,736425
9/9/19,2978.4299,1958,736426
9/10/19,2979.3899,1959,736427
9/11/19,3000.9299,1960,736428
9/12/19,3009.5701,1961,736429
9/13/19,3007.3899,1962,736430
9/16/19,2997.96,1963,736431
9/17/19,3005.7,1964,736432
9/18/19,3006.73,1965,736433
9/19/19,3006.79,1966,736434
9/20/19,2992.0701,1967,736435
9/23/19,2991.78,1968,736436
9/24/19,2966.6001,1969,736437
9/25/19,2984.8701,1970,736438
9/26/19,2977.6201,1971,736439
9/27/19,2961.79,1972,736440
9/30/19,2976.74,1973,736441
10/1/19,2940.25,1974,736442
10/2/19,2887.6101,1975,736443
10/3/19,2910.6299,1976,736444
10/4/19,2952.01,1977,736445
10/7/19,2938.79,1978,736446
10/8/19,2893.0601,1979,736447
10/9/19,2919.3999,1980,736448
10/10/19,2938.1299,1981,736449
10/11/19,2970.27,1982,736450
10/14/19,2966.1499,1983,736451
10/15/19,2995.6799,1984,736452
10/16/19,2989.6899,1985,736453
10/17/19,2997.95,1986,736454
10/18/19,2986.2,1987,736455
10/21/19,3006.72,1988,736456
10/22/19,2995.99,1989,736457
10/23/19,3004.52,1990,736458
10/24/19,3010.29,1991,736459
10/25/19,3022.55,1992,736460
10/28/19,3039.4199,1993,736461
10/29/19,3036.8899,1994,736462
10/30/19,3046.77,1995,736463
10/31/19,3037.5601,1996,736464
11/1/19,3066.9099,1997,736465
11/4/19,3078.27,1998,736466
11/5/19,3074.6201,1999,736467
11/6/19,3076.78,2000,736468
11/7/19,3085.1799,2001,736469
11/8/19,3093.0801,2002,736470
11/11/19,3087.01,2003,736471
11/12/19,3091.8401,2004,736472
11/13/19,3094.04,2005,736473
11/14/19,3096.6299,2006,736474
11/15/19,3120.46,2007,736475
11/18/19,3122.03,2008,736476
11/19/19,3120.1799,2009,736477
11/20/19,3108.46,2010,736478
11/21/19,3103.54,2011,736479
11/22/19,3110.29,2012,736480
11/25/19,3133.6399,2013,736481
11/26/19,3140.52,2014,736482
11/27/19,3153.6299,2015,736483
11/29/19,3140.98,2016,736484
12/2/19,3113.8701,2017,736485
12/3/19,3093.2,2018,736486
12/4/19,3112.76,2019,736487
12/5/19,3117.4299,2020,736488
12/6/19,3145.9099,2021,736489
12/9/19,3135.96,2022,736490
12/10/19,3132.52,2023,736491
12/11/19,3141.6299,2024,736492
12/12/19,3168.5701,2025,736493
12/13/19,3168.8,2026,736494
12/16/19,3191.45,2027,736495
12/17/19,3192.52,2028,736496
12/18/19,3191.1399,2029,736497
12/19/19,3205.3701,2030,736498
12/20/19,3221.22,2031,736499
12/23/19,3224.01,2032,736500
12/24/19,3223.3799,2033,736501
12/26/19,3239.9099,2034,736502
12/27/19,3240.02,2035,736503
12/30/19,3221.29,2036,736504
12/31/19,3230.78,2037,736505
1/2/20,3257.8501,2038,736506
1/3/20,3234.8501,2039,736507
1/6/20,3246.28,2040,736508
1/7/20,3237.1799,2041,736509
1/8/20,3253.05,2042,736510
1/9/20,3274.7,2043,736511
1/10/20,3265.3501,2044,736512
1/13/20,3288.1299,2045,736513
1/14/20,3283.1499,2046,736514
1/15/20,3289.29,2047,736515
1/16/20,3316.8101,2048,736516
1/17/20,3329.6201,2049,736517
1/21/20,3320.79,2050,736518
1/22/20,3321.75,2051,736519
1/23/20,3325.54,2052,736520
1/24/20,3295.47,2053,736521
1/27/20,3243.6299,2054,736522
1/28/20,3276.24,2055,736523
1/29/20,3273.3999,2056,736524
1/30/20,3283.6599,2057,736525
1/31/20,3225.52,2058,736526
2/3/20,3248.9199,2059,736527
2/4/20,3297.5901,2060,736528
2/5/20,3334.6899,2061,736529
2/6/20,3345.78,2062,736530
2/7/20,3327.71,2063,736531
2/10/20,3352.0901,2064,736532
2/11/20,3357.75,2065,736533
2/12/20,3379.45,2066,736534
2/13/20,3373.9399,2067,736535
2/14/20,3380.1599,2068,736536
2/18/20,3370.29,2069,736537
2/19/20,3386.1499,2070,736538
2/20/20,3373.23,2071,736539
2/21/20,3337.75,2072,736540
2/24/20,3225.8899,2073,736541
2/25/20,3128.21,2074,736542
2/26/20,3116.3899,2075,736543
2/27/20,2978.76,2076,736544
2/28/20,2954.22,2077,736545
3/2/20,3090.23,2078,736546
3/3/20,3003.3701,2079,736547
3/4/20,3130.1201,2080,736548
3/5/20,3023.9399,2081,736549
3/6/20,2972.3701,2082,736550
3/9/20,2746.5601,2083,736551
3/10/20,2882.23,2084,736552
3/11/20,2741.3799,2085,736553
3/12/20,2480.6399,2086,736554
3/13/20,2711.02,2087,736555
3/16/20,2386.1299,2088,736556
3/17/20,2529.1899,2089,736557
3/18/20,2398.1001,2090,736558
3/19/20,2409.3899,2091,736559
3/20/20,2304.9199,2092,736560
3/23/20,2237.3999,2093,736561
3/24/20,2447.3301,2094,736562
3/25/20,2475.5601,2095,736563
3/26/20,2630.0701,2096,736564
3/27/20,2541.47,2097,736565
3/30/20,2626.6499,2098,736566
3/31/20,2584.5901,2099,736567
4/1/20,2470.5,2100,736568
4/2/20,2526.8999,2101,736569
4/3/20,2488.6499,2102,736570
4/6/20,2663.6799,2103,736571
4/7/20,2659.4099,2104,736572
4/8/20,2749.98,2105,736573
4/9/20,2789.8201,2106,736574
4/13/20,2761.6299,2107,736575
4/14/20,2846.0601,2108,736576
4/15/20,2783.3601,2109,736577
4/16/20,2799.55,2110,736578
4/17/20,2874.5601,2111,736579
4/20/20,2823.1599,2112,736580
4/21/20,2736.5601,2113,736581
4/22/20,2799.3101,2114,736582
4/23/20,2797.8,2115,736583
4/24/20,2836.74,2116,736584
4/27/20,2878.48,2117,736585
4/28/20,2863.3899,2118,736586
4/29/20,2939.51,2119,736587
4/30/20,2912.4299,2120,736588
5/1/20,2830.71,2121,736589
5/4/20,2842.74,2122,736590
5/5/20,2868.4399,2123,736591
5/6/20,2848.4199,2124,736592
5/7/20,2881.1899,2125,736593
5/8/20,2929.8,2126,736594
5/11/20,2930.3201,2127,736595
5/12/20,2870.1201,2128,736596
5/13/20,2820,2129,736597
5/14/20,2852.5,2130,736598
5/15/20,2863.7,2131,736599
5/18/20,2953.9099,2132,736600
5/19/20,2922.9399,2133,736601
5/20/20,2971.6101,2134,736602
5/21/20,2948.51,2135,736603
5/22/20,2955.45,2136,736604
5/26/20,2991.77,2137,736605
5/27/20,3036.1299,2138,736606
5/28/20,3029.73,2139,736607
5/29/20,3044.3101,2140,736608
6/1/20,3055.73,2141,736609
6/2/20,3080.8201,2142,736610
6/3/20,3122.8701,2143,736611
6/4/20,3112.3501,2144,736612
6/5/20,3193.9299,2145,736613
6/8/20,3232.3899,2146,736614
6/9/20,3207.1799,2147,736615
6/10/20,3190.1399,2148,736616
6/11/20,3002.1001,2149,736617
6/12/20,3041.3101,2150,736618
6/15/20,3066.5901,2151,736619
6/16/20,3124.74,2152,736620
6/17/20,3113.49,2153,736621
6/18/20,3115.3401,2154,736622
6/19/20,3097.74,2155,736623
6/22/20,3117.8601,2156,736624
6/23/20,3131.29,2157,736625
6/24/20,3050.3301,2158,736626
6/25/20,3083.76,2159,736627
6/26/20,3009.05,2160,736628
6/29/20,3053.24,2161,736629
6/30/20,3100.29,2162,736630
7/1/20,3115.8601,2163,736631
7/2/20,3130.01,2164,736632
7/6/20,3179.72,2165,736633
7/7/20,3145.3201,2166,736634
7/8/20,3169.9399,2167,736635
7/9/20,3152.05,2168,736636
7/10/20,3185.04,2169,736637
7/13/20,3155.22,2170,736638
7/14/20,3197.52,2171,736639
7/15/20,3226.5601,2172,736640
7/16/20,3215.5701,2173,736641
7/17/20,3224.73,2174,736642
7/20/20,3251.8401,2175,736643
7/21/20,3257.3,2176,736644
7/22/20,3276.02,2177,736645
7/23/20,3235.6599,2178,736646
7/24/20,3215.6299,2179,736647
7/27/20,3239.4099,2180,736648
7/28/20,3218.4399,2181,736649
7/29/20,3258.4399,2182,736650
7/30/20,3246.22,2183,736651
7/31/20,3271.1201,2184,736652
8/3/20,3294.6101,2185,736653
8/4/20,3306.51,2186,736654
8/5/20,3327.77,2187,736655
8/6/20,3349.1599,2188,736656
8/7/20,3351.28,2189,736657
8/10/20,3360.47,2190,736658
8/11/20,3333.6899,2191,736659
8/12/20,3380.3501,2192,736660
8/13/20,3373.4299,2193,736661
8/14/20,3372.8501,2194,736662
8/17/20,3381.99,2195,736663
8/18/20,3389.78,2196,736664
8/19/20,3374.8501,2197,736665
8/20/20,3385.51,2198,736666
8/21/20,3397.1599,2199,736667
8/24/20,3431.28,2200,736668
8/25/20,3443.6201,2201,736669
8/26/20,3478.73,2202,736670
8/27/20,3484.55,2203,736671
8/28/20,3508.01,2204,736672
8/31/20,3500.3101,2205,736673
9/1/20,3526.6499,2206,736674
9/2/20,3580.8401,2207,736675
9/3/20,3455.0601,2208,736676
9/4/20,3426.96,2209,736677
9/8/20,3331.8401,2210,736678
9/9/20,3398.96,2211,736679
9/10/20,3339.1899,2212,736680
9/11/20,3340.97,2213,736681
9/14/20,3383.54,2214,736682
9/15/20,3401.2,2215,736683
9/16/20,3385.49,2216,736684
9/17/20,3357.01,2217,736685
9/18/20,3319.47,2218,736686
9/21/20,3281.0601,2219,736687
9/22/20,3315.5701,2220,736688
9/23/20,3236.9199,2221,736689
9/24/20,3246.5901,2222,736690
9/25/20,3298.46,2223,736691
9/28/20,3351.6001,2224,736692
9/29/20,3335.47,2225,736693
9/30/20,3363,2226,736694
10/1/20,3380.8,2227,736695
10/2/20,3348.4399,2228,736696
10/5/20,3408.6299,2229,736697
10/6/20,3360.95,2230,736698
10/7/20,3419.45,2231,736699
10/8/20,3446.8301,2232,736700
10/9/20,3477.1299,2233,736701
10/12/20,3534.22,2234,736702
10/13/20,3511.9299,2235,736703
10/14/20,3488.6699,2236,736704
10/15/20,3483.3401,2237,736705
10/16/20,3483.8101,2238,736706
10/19/20,3426.9199,2239,736707
10/20/20,3443.1201,2240,736708
10/21/20,3435.5601,2241,736709
10/22/20,3453.49,2242,736710
10/23/20,3465.3899,2243,736711
10/26/20,3400.97,2244,736712
10/27/20,3390.6799,2245,736713
10/28/20,3271.03,2246,736714
10/29/20,3310.1101,2247,736715
10/30/20,3269.96,2248,736716
11/2/20,3310.24,2249,736717
11/3/20,3369.1599,2250,736718
11/4/20,3443.4399,2251,736719
11/5/20,3510.45,2252,736720
11/6/20,3509.4399,2253,736721
11/9/20,3550.5,2254,736722
11/10/20,3545.53,2255,736723
11/11/20,3572.6599,2256,736724
11/12/20,3537.01,2257,736725
11/13/20,3585.1499,2258,736726
11/16/20,3626.9099,2259,736727
11/17/20,3609.53,2260,736728
11/18/20,3567.79,2261,736729
11/19/20,3581.8701,2262,736730
11/20/20,3557.54,2263,736731
11/23/20,3577.5901,2264,736732
11/24/20,3635.4099,2265,736733
11/25/20,3629.6499,2266,736734
11/27/20,3638.3501,2267,736735
11/30/20,3621.6299,2268,736736
12/1/20,3662.45,2269,736737
12/2/20,3669.01,2270,736738
12/3/20,3666.72,2271,736739
12/4/20,3699.1201,2272,736740
12/7/20,3691.96,2273,736741
12/8/20,3702.25,2274,736742
12/9/20,3672.8201,2275,736743
12/10/20,3668.1001,2276,736744
12/11/20,3663.46,2277,736745
12/14/20,3647.49,2278,736746
12/15/20,3694.6201,2279,736747
12/16/20,3701.1699,2280,736748
12/17/20,3722.48,2281,736749
12/18/20,3709.4099,2282,736750
12/21/20,3694.9199,2283,736751
12/22/20,3687.26,2284,736752
12/23/20,3690.01,2285,736753
12/24/20,3703.0601,2286,736754
12/28/20,3735.3601,2287,736755
12/29/20,3727.04,2288,736756
12/30/20,3732.04,2289,736757
12/31/20,3756.0701,2290,736758
1/4/21,3700.6499,2291,736759
1/5/21,3726.8601,2292,736760
1/6/21,3748.1399,2293,736761
1/7/21,3803.79,2294,736762
1/8/21,3824.6799,2295,736763
1/11/21,3799.6101,2296,736764
1/12/21,3801.1899,2297,736765
1/13/21,3809.8401,2298,736766
1/14/21,3795.54,2299,736767
1/15/21,3768.25,2300,736768
1/19/21,3798.9099,2301,736769
1/20/21,3851.8501,2302,736770
1/21/21,3853.0701,2303,736771
1/22/21,3841.47,2304,736772
1/25/21,3855.3601,2305,736773
1/26/21,3849.6201,2306,736774
1/27/21,3750.77,2307,736775
1/28/21,3787.3799,2308,736776
1/29/21,3714.24,2309,736777
2/1/21,3773.8601,2310,736778
2/2/21,3826.3101,2311,736779
2/3/21,3830.1699,2312,736780
2/4/21,3871.74,2313,736781
2/5/21,3886.8301,2314,736782
2/8/21,3915.5901,2315,736783
2/9/21,3911.23,2316,736784
2/10/21,3909.8799,2317,736785
2/11/21,3916.3799,2318,736786
2/12/21,3934.8301,2319,736787
2/16/21,3932.5901,2320,736788
2/17/21,3931.3301,2321,736789
2/18/21,3913.97,2322,736790
2/19/21,3906.71,2323,736791
2/22/21,3876.5,2324,736792
2/23/21,3881.3701,2325,736793
2/24/21,3925.4299,2326,736794
2/25/21,3829.3401,2327,736795
2/26/21,3811.1499,2328,736796
3/1/21,3901.8201,2329,736797
3/2/21,3870.29,2330,736798
3/3/21,3819.72,2331,736799
3/4/21,3768.47,2332,736800
3/5/21,3841.9399,2333,736801
3/8/21,3821.3501,2334,736802
3/9/21,3875.4399,2335,736803
3/10/21,3898.8101,2336,736804
3/11/21,3939.3401,2337,736805
3/12/21,3943.3401,2338,736806
3/15/21,3968.9399,2339,736807
3/16/21,3962.71,2340,736808
3/17/21,3974.1201,2341,736809
3/18/21,3915.46,2342,736810
3/19/21,3913.1001,2343,736811
3/22/21,3940.5901,2344,736812
3/23/21,3910.52,2345,736813
3/24/21,3889.1399,2346,736814
3/25/21,3909.52,2347,736815
3/26/21,3974.54,2348,736816
3/29/21,3971.0901,2349,736817
3/30/21,3958.55,2350,736818
3/31/21,3972.8899,2351,736819
4/1/21,4019.8701,2352,736820
4/5/21,4077.9099,2353,736821
4/6/21,4073.9399,2354,736822
4/7/21,4079.95,2355,736823
4/8/21,4097.1699,2356,736824
4/9/21,4128.7998,2357,736825
4/12/21,4127.9902,2358,736826
4/13/21,4141.5898,2359,736827
4/14/21,4124.6602,2360,736828
4/15/21,4170.4199,2361,736829
4/16/21,4185.4702,2362,736830
4/19/21,4163.2598,2363,736831
4/20/21,4134.9399,2364,736832
4/21/21,4173.4199,2365,736833
4/22/21,4134.98,2366,736834
4/23/21,4180.1699,2367,736835
4/26/21,4187.6201,2368,736836
4/27/21,4186.7202,2369,736837
4/28/21,4183.1802,2370,736838
4/29/21,4211.4702,2371,736839
4/30/21,4181.1699,2372,736840
5/3/21,4192.6602,2373,736841
5/4/21,4164.6602,2374,736842
5/5/21,4167.5898,2375,736843
5/6/21,4201.6201,2376,736844
5/7/21,4232.6001,2377,736845
5/10/21,4188.4302,2378,736846
5/11/21,4152.1001,2379,736847
5/12/21,4063.04,2380,736848
5/13/21,4112.5,2381,736849
5/14/21,4173.8501,2382,736850
5/17/21,4163.29,2383,736851
5/18/21,4127.8301,2384,736852
5/19/21,4115.6802,2385,736853
5/20/21,4159.1201,2386,736854
5/21/21,4155.8599,2387,736855
5/24/21,4197.0498,2388,736856
5/25/21,4188.1299,2389,736857
5/26/21,4195.9902,2390,736858
5/27/21,4200.8799,2391,736859
5/28/21,4204.1099,2392,736860
6/1/21,4202.04,2393,736861
6/2/21,4208.1201,2394,736862
6/3/21,4192.8501,2395,736863
6/4/21,4229.8901,2396,736864
6/7/21,4226.52,2397,736865
6/8/21,4227.2598,2398,736866
6/9/21,4219.5498,2399,736867
6/10/21,4239.1802,2400,736868
6/11/21,4247.4399,2401,736869
6/14/21,4255.1499,2402,736870
6/15/21,4246.5898,2403,736871
6/16/21,4223.7002,2404,736872
6/17/21,4221.8599,2405,736873
6/18/21,4166.4502,2406,736874
6/21/21,4224.79,2407,736875
6/22/21,4246.4399,2408,736876
6/23/21,4241.8398,2409,736877
6/24/21,4266.4902,2410,736878
6/25/21,4280.7002,2411,736879
6/28/21,4290.6099,2412,736880
6/29/21,4291.7998,2413,736881
6/30/21,4297.5,2414,736882
7/1/21,4319.9399,2415,736883
7/2/21,4352.3398,2416,736884
7/6/21,4343.54,2417,736885
7/7/21,4358.1299,2418,736886
7/8/21,4320.8198,2419,736887
7/9/21,4369.5498,2420,736888
7/12/21,4384.6299,2421,736889
7/13/21,4369.21,2422,736890
7/14/21,4374.2998,2423,736891
7/15/21,4360.0298,2424,736892
7/16/21,4327.1602,2425,736893
7/19/21,4258.4902,2426,736894
7/20/21,4323.0601,2427,736895
7/21/21,4358.6899,2428,736896
7/22/21,4367.48,2429,736897
7/23/21,4411.79,2430,736898
7/26/21,4422.2998,2431,736899
7/27/21,4401.46,2432,736900
7/28/21,4400.6401,2433,736901
7/29/21,4419.1499,2434,736902
7/30/21,4395.2598,2435,736903
8/2/21,4387.1602,2436,736904
8/3/21,4423.1499,2437,736905
8/4/21,4402.6602,2438,736906
8/5/21,4429.1001,2439,736907
8/6/21,4436.52,2440,736908
8/9/21,4432.3501,2441,736909
8/10/21,4436.75,2442,736910
8/11/21,4447.7002,2443,736911
8/12/21,4460.8301,2444,736912
8/13/21,4468,2445,736913
8/16/21,4479.71,2446,736914
8/17/21,4448.0801,2447,736915
8/18/21,4400.27,2448,736916
8/19/21,4405.7998,2449,736917
8/20/21,4441.6699,2450,736918
8/23/21,4479.5298,2451,736919
8/24/21,4486.23,2452,736920
8/25/21,4496.1899,2453,736921
8/26/21,4470,2454,736922
8/27/21,4509.3701,2455,736923
8/30/21,4528.79,2456,736924
8/31/21,4522.6802,2457,736925
9/1/21,4524.0898,2458,736926
9/2/21,4536.9502,2459,736927
9/3/21,4535.4302,2460,736928
9/7/21,4520.0298,2461,736929
9/8/21,4514.0698,2462,736930
9/9/21,4493.2798,2463,736931
9/10/21,4458.5801,2464,736932
9/13/21,4468.73,2465,736933
9/14/21,4443.0498,2466,736934
9/15/21,4480.7002,2467,736935
9/16/21,4473.75,2468,736936
9/17/21,4432.9902,2469,736937
9/20/21,4357.73,2470,736938
9/21/21,4354.1899,2471,736939
9/22/21,4395.6401,2472,736940
9/23/21,4448.98,2473,736941
9/24/21,4455.48,2474,736942
9/27/21,4443.1099,2475,736943
9/28/21,4352.6299,2476,736944
9/29/21,4359.46,2477,736945
9/30/21,4307.54,2478,736946
10/1/21,4357.04,2479,736947
10/4/21,4300.46,2480,736948
10/5/21,4345.7202,2481,736949
10/6/21,4363.5498,2482,736950
10/7/21,4399.7598,2483,736951
10/8/21,4391.3398,2484,736952
10/11/21,4361.1899,2485,736953
10/12/21,4350.6499,2486,736954
10/13/21,4363.7998,2487,736955
10/14/21,4438.2598,2488,736956
10/15/21,4471.3701,2489,736957
10/18/21,4486.46,2490,736958
10/19/21,4519.6299,2491,736959
10/20/21,4536.1899,2492,736960
10/21/21,4549.7798,2493,736961
10/22/21,4544.8999,2494,736962
10/25/21,4566.48,2495,736963
10/26/21,4574.79,2496,736964
10/27/21,4551.6802,2497,736965
10/28/21,4596.4199,2498,736966
10/29/21,4605.3799,2499,736967
11/1/21,4613.6699,2500,736968
11/2/21,4630.6499,2501,736969
11/3/21,4660.5698,2502,736970
11/4/21,4680.0601,2503,736971
11/5/21,4697.5298,2504,736972
11/8/21,4701.7002,2505,736973
11/9/21,4685.25,2506,736974
11/10/21,4646.71,2507,736975
11/11/21,4649.27,2508,736976
11/12/21,4682.8501,2509,736977
11/15/21,4682.7998,2510,736978
11/16/21,4700.8999,2511,736979
11/17/21,4688.6699,2512,736980
11/18/21,4704.54,2513,736981
11/19/21,4697.96,2514,736982
11/22/21,4682.9399,2515,736983
11/23/21,4690.7002,2516,736984